,2014,Region Name,Region Code
0,7703350.0,Australia,AUS
1,801352.0,New South Wales,AU1
2,51894.4,Capital Region,AU101
3,70297.6,Central West,AU103
4,13229.9,Coffs Harbour - Grafton,AU104
5,339364.0,Far West and Orana,AU105
6,21492.3,Hunter Valley Exc Newcastle,AU106
7,1539.2,Illawarra,AU107
8,18850.7,Mid North Coast,AU108
9,97796.2,Murray,AU109
10,99145.0,New England and North West,AU110
11,869.9,Newcastle and Lake Macquarie,AU111
12,10270.7,Richmond - Tweed,AU112
13,56986.9,Riverina,AU113
14,6703.6,Southern Highlands and Shoalhaven,AU114
15,12368.6,Sydney,AU1GS
16,227590.0,Victoria,AU2
17,10287.6,Ballarat,AU201
18,11841.9,Bendigo,AU202
19,4428.7,Geelong,AU203
20,34004.0,Hume,AU204
21,41557.3,Latrobe - Gippsland,AU205
22,78071.7,North West,AU215
23,10934.3,Shepparton,AU216
24,26380.0,Warrnambool and South West,AU217
25,9989.9,Melbourne,AU2GM
26,1734190.0,Queensland,AU3
27,21344.3,Cairns,AU306
28,166353.0,Darling Downs - Maranoa,AU307
29,117549.0,Fitzroy,AU308
30,1836.8,Gold Coast,AU309
31,90125.5,Mackay,AU312
32,1183040.0,Queensland - Outback,AU315
33,3084.6,Sunshine Coast,AU316
34,2258.4,Toowoomba,AU317
35,80016.2,Townsville,AU318
36,48502.6,Wide Bay,AU319
37,15827.0,Brisbane,AU3GB
38,985324.0,South Australia,AU4
39,37716.9,Barossa - Yorke - Mid North,AU405
40,877753.0,South Australia - Outback,AU406
41,65451.6,South Australia - South East,AU407
42,3257.8,Adelaide,AU4GA
43,2532420.0,Western Australia,AU5
44,24800.4,Bunbury,AU501
45,2298050.0,Western Australia - Outback,AU508
46,197303.0,Western Australia - Wheat Belt,AU509
47,6417.8,Perth,AU5GP
48,67914.3,Tasmania,AU6
49,1695.3,Hobart,AU601
50,19975.1,Launceston and North East,AU602
51,23821.9,South East,AU603
52,22526.0,West and North West,AU604
53,1352210.0,Northern Territory (NT),AU7
54,3163.7,Darwin,AU701
55,1345030.0,Northern Territory - Outback,AU702
56,2349.4,Australian Capital Territory (ACT),AU8
57,2358.0,Australian Capital Territory,AU801
58,82409.0,Austria,AUT
59,3669.0,Burgenland (AT),AT11
60,694.0,Mittelburgenland,AT111
61,1526.0,Nordburgenland,AT112
62,1449.0,Südburgenland,AT113
63,18917.0,Lower Austria,AT12
64,3303.0,Mostviertel-Eisenwurzen,AT121
65,3355.0,Niederösterreich-Süd,AT122
66,1216.0,Sankt Pölten,AT123
67,4551.0,Waldviertel,AT124
68,2390.0,Weinviertel,AT125
69,2660.0,Wiener Umland/Nordteil,AT126
70,1444.0,Wiener Umland/Südteil,AT127
71,395.0,Vienna,AT13
72,395.0,Vienna,AT130
73,9360.0,Carinthia,AT21
74,1958.0,Klagenfurt-Villach,AT211
75,4064.0,Oberkärnten,AT212
76,3338.0,Unterkärnten,AT213
77,16251.0,Styria,AT22
78,1218.0,Graz,AT221
79,3233.0,Liezen,AT222
80,3232.0,Östliche Obersteiermark,AT223
81,3329.0,Oststeiermark,AT224
82,2198.0,West- und Südsteiermark,AT225
83,3040.0,Westliche Obersteiermark,AT226
84,11717.0,Upper Austria,AT31
85,2781.0,Innviertel,AT311
86,1701.0,Linz-Wels,AT312
87,2630.0,Mühlviertel,AT313
88,2215.0,Steyr-Kirchdorf,AT314
89,2390.0,Traunviertel,AT315
90,7050.0,Salzburg,AT32
91,1010.0,Lungau,AT321
92,4355.0,Pinzgau-Pongau,AT322
93,1686.0,Salzburg und Umgebung,AT323
94,12514.0,Tyrol,AT33
95,1213.0,Außerfern,AT331
96,2079.0,Innsbruck,AT332
97,2005.0,Osttirol,AT333
98,3293.0,Tyrolean Oberland,AT334
99,3924.0,Tyrolean Unterland,AT335
100,2534.0,Vorarlberg,AT34
101,1854.0,Bludenz-Bregenzer Wald,AT341
102,680.0,Rheintal-Bodenseegebiet,AT342
103,30326.0,Belgium,BEL
104,161.0,Brussels Capital Region,BE1
105,13360.0,Flemish Region,BE2
106,16804.0,Wallonia,BE3
107,9093510.0,Canada,CAN
108,373872.0,Newfoundland and Labrador,CA10
109,9218.5,"Division 1, NL",CA1001
110,6098.6,"Division 2, NL",CA1002
111,19897.7,"Division 3, NL",CA1003
112,7088.1,"Division 4, NL",CA1004
113,10365.2,"Division 5, NL",CA1005
114,16237.2,"Division 6, NL",CA1006
115,9672.9,"Division 7, NL",CA1007
116,9314.2,"Division 8, NL",CA1008
117,13527.5,"Division 9, NL",CA1009
118,199703.0,"Division 10, NL",CA1010
119,69371.6,"Division 11, NL",CA1011
120,5660.0,Prince Edward Island,CA11
121,1684.3,"Kings, PE",CA1101
122,2020.1,"Queens, PE",CA1102
123,1979.5,"Prince, PE",CA1103
124,53338.0,Nova Scotia,CA12
125,2464.7,"Shelburne, NS",CA1201
126,2123.3,"Yarmouth, NS",CA1202
127,2515.2,"Digby, NS",CA1203
128,2392.4,"Queens, NS",CA1204
129,3185.0,"Annapolis, NS",CA1205
130,2907.9,"Lunenburg, NS",CA1206
131,2122.2,"Kings, NS",CA1207
132,3049.1,"Hants, NS",CA1208
133,5495.6,"Halifax, NS",CA1209
134,3627.7,"Colchester, NS",CA1210
135,4271.1,"Cumberland, NS",CA1211
136,2845.3,"Pictou, NS",CA1212
137,4044.2,"Guysborough, NS",CA1213
138,1457.8,"Antigonish, NS",CA1214
139,3830.4,"Inverness, NS",CA1215
140,1244.2,"Richmond, NS",CA1216
141,2470.6,"Cape Breton, NS",CA1217
142,2870.8,"Victoria, NS",CA1218
143,71450.0,New Brunswick,CA13
144,1462.0,"Saint John, NB",CA1301
145,3423.5,"Charlotte, NB",CA1302
146,2697.1,"Sunbury, NB",CA1303
147,3681.5,"Queens, NB",CA1304
148,3482.6,"Kings, NB",CA1305
149,1806.1,"Albert, NB",CA1306
150,3659.6,"Westmorland, NB",CA1307
151,4551.0,"Kent, NB",CA1308
152,12112.5,"Northumberland, NB",CA1309
153,8952.0,"York, NB",CA1310
154,3312.0,"Carleton, NB",CA1311
155,5502.9,"Victoria, NB",CA1312
156,3461.5,"Madawaska County, NB",CA1313
157,8577.5,"Restigouche County, NB",CA1314
158,4673.4,"Gloucester County, NB",CA1315
159,1365130.0,Quebec,CA24
160,205.4,"Les Îles-de-la-Madeleine, QC",CA2401
161,3077.8,"Le Rocher-Percé, QC",CA2402
162,4097.1,"La Côte-de-Gaspé, QC",CA2403
163,5066.0,"La Haute-Gaspésie, QC",CA2404
164,4375.2,"Bonaventure, QC",CA2405
165,3486.5,"Avignon, QC",CA2406
166,5373.9,"La Matapédia, QC",CA2407
167,3318.9,"Matane, QC",CA2408
168,2279.2,"La Mitis, QC",CA2409
169,2716.5,"Rimouski-Neigette, QC",CA2410
170,1122.8,"Les Basques, QC",CA2411
171,1273.3,"Rivière-du-Loup, QC",CA2412
172,3904.8,"Témiscouata, QC",CA2413
173,2242.7,"Kamouraska, QC",CA2414
174,2305.7,"Charlevoix-Est, QC",CA2415
175,3764.6,"Charlevoix, QC",CA2416
176,2099.6,"L'Islet, QC",CA2417
177,1697.1,"Montmagny, QC",CA2418
178,1749.6,"Bellechasse, QC",CA2419
179,192.8,"L'Île-d'Orléans, QC",CA2420
180,4864.7,"La Côte-de-Beaupré, QC",CA2421
181,3194.7,"La Jacques-Cartier, QC",CA2422
182,549.1,"Communauté-Urbaine-de-Québec, QC",CA2423
183,449.3,"Lévis, QC",CA2425
184,906.0,"La Nouvelle-Beauce, QC",CA2426
185,838.8,"Robert-Cliche, QC",CA2427
186,1810.2,"Les Etchemins, QC",CA2428
187,1953.6,"Beauce-Sartigan, QC",CA2429
188,2734.0,"Le Granit, QC",CA2430
189,1912.6,"L'Amiante, QC",CA2431
190,1286.8,"L'Érable, QC",CA2432
191,1662.0,"Lotbinière, QC",CA2433
192,3922.9,"Portneuf, QC",CA2434
193,5224.9,"Mékinac, QC",CA2435
194,733.3,"Shawinigan, QC",CA2436
195,1160.7,"Francheville, QC",CA2437
196,1144.6,"Bécancour, QC",CA2438
197,1889.5,"Arthabaska, QC",CA2439
198,785.9,"Asbestos, QC",CA2440
199,2275.3,"Le Haut-Saint-François, QC",CA2441
200,1403.1,"Le Val-Saint-François, QC",CA2442
201,353.5,"Sherbrooke, QC",CA2443
202,1338.8,"Coaticook, QC",CA2444
203,1318.7,"Memphrémagog, QC",CA2445
204,1537.0,"Brome-Missisquoi, QC",CA2446
205,750.9,"La Haute-Yamaska, QC",CA2447
206,580.4,"Acton, QC",CA2448
207,1600.1,"Drummond, QC",CA2449
208,1007.8,"Nicolet-Yamaska, QC",CA2450
209,2386.6,"Maskinongé, QC",CA2451
210,1246.7,"D'Autray, QC",CA2452
211,598.1,"Le Bas-Richelieu, QC",CA2453
212,1301.2,"Les Maskoutains, QC",CA2454
213,483.2,"Rouville, QC",CA2455
214,936.3,"Le Haut-Richelieu, QC",CA2456
215,588.9,"La Vallée-du-Richelieu, QC",CA2457
216,282.4,"Longueuil, QC",CA2458
217,345.5,"Lajemmerais, QC",CA2459
218,257.6,"L'Assomption, QC",CA2460
219,416.3,"Joliette, QC",CA2461
220,9520.4,"Matawinie, QC",CA2462
221,711.5,"Montcalm, QC",CA2463
222,261.2,"Les Moulins, QC",CA2464
223,247.1,"Laval, QC",CA2465
224,499.2,"Communauté-Urbaine-de-Montréal, QC",CA2466
225,423.2,"Roussillon, QC",CA2467
226,803.3,"Les Jardins-de-Napierville, QC",CA2468
227,1171.8,"Le Haut-Saint-Laurent, QC",CA2469
228,470.7,"Beauharnois-Salaberry, QC",CA2470
229,854.8,"Vaudreuil-Soulanges, QC",CA2471
230,243.2,"Deux-Montagnes, QC",CA2472
231,206.5,"Thérèse-De Blainville, QC",CA2473
232,485.5,"Mirabel, QC",CA2474
233,451.0,"La Rivière-du-Nord, QC",CA2475
234,1245.5,"Argenteuil, QC",CA2476
235,682.7,"Les Pays-d'en-Haut, QC",CA2477
236,2475.4,"Les Laurentides, QC",CA2478
237,14954.4,"Antoine-Labelle, QC",CA2479
238,2934.3,"Papineau, QC",CA2480
239,342.3,"Gatineau, QC",CA2481
240,2033.0,"Les Collines-de-l'Outaouais, QC",CA2482
241,12466.0,"La Vallée-de-la-Gatineau, QC",CA2483
242,12984.5,"Pontiac, QC",CA2484
243,16408.6,"Témiscamingue, QC",CA2485
244,5991.1,"Rouyn-Noranda, QC",CA2486
245,3333.4,"Abitibi-Ouest, QC",CA2487
246,7674.2,"Abitibi, QC",CA2488
247,24267.1,"Vallée-de-l'Or, QC",CA2489
248,26349.8,"La Tuque, QC",CA2490
249,17799.4,"Le Domaine-du-Roy, QC",CA2491
250,36769.5,"Maria-Chapdelaine, QC",CA2492
251,2781.4,"Lac-Saint-Jean-Est, QC",CA2493
252,41358.3,"Le Saguenay-et-son-Fjord, QC",CA2494
253,11611.1,"La Haute-Côte-Nord, QC",CA2495
254,35699.6,"Manicouagan, QC",CA2496
255,100859.0,"Sept-Rivières-Caniapiscau, QC",CA2497
256,99457.8,"Minganie-Basse-Côte-Nord, QC",CA2498
257,747158.0,"Nord-du-Québec, QC",CA2499
258,917741.0,Ontario,CA35
259,3306.9,"Stormont, Dundas and Glengarry, ON",CA3501
260,2001.2,"Prescott and Russell, ON",CA3502
261,2778.1,"Ottawa-Carleton, ON",CA3506
262,3350.2,"Leeds and Grenville, ON",CA3507
263,2979.1,"Lanark, ON",CA3509
264,3672.5,"Frontenac, ON",CA3510
265,2776.5,"Lennox and Addington, ON",CA3511
266,5977.6,"Hastings, ON",CA3512
267,1050.1,"Prince Edward, ON",CA3513
268,1903.0,"Northumberland, ON",CA3514
269,3805.7,"Peterborough, ON",CA3515
270,3059.5,"Kawartha Lakes, ON",CA3516
271,2523.1,"Durham, ON",CA3518
272,1761.8,"York, ON",CA3519
273,630.2,"Toronto, ON",CA3520
274,1242.4,"Peel, ON",CA3521
275,1485.6,"Dufferin, ON",CA3522
276,2656.7,"Wellington, ON",CA3523
277,967.2,"Halton, ON",CA3524
278,1117.2,"Hamilton, ON",CA3525
279,1854.2,"Niagara, ON",CA3526
280,2894.1,"Haldimand-Norfolk, ON",CA3528
281,1092.9,"Brant, ON",CA3529
282,1368.6,"Waterloo, ON",CA3530
283,2218.4,"Perth, ON",CA3531
284,2039.5,"Oxford, ON",CA3532
285,1880.8,"Elgin, ON",CA3534
286,2470.7,"Chatham-Kent, ON",CA3536
287,1851.3,"Essex, ON",CA3537
288,3001.7,"Lambton, ON",CA3538
289,3317.1,"Middlesex, ON",CA3539
290,3396.7,"Huron, ON",CA3540
291,4079.2,"Bruce, ON",CA3541
292,4508.1,"Grey, ON",CA3542
293,4840.6,"Simcoe, ON",CA3543
294,3890.2,"Muskoka, ON",CA3544
295,4025.3,"Haliburton, ON",CA3546
296,7403.5,"Renfrew, ON",CA3547
297,17065.1,"Nipissing, ON",CA3548
298,9222.0,"Parry Sound, ON",CA3549
299,4759.7,"Manitoulin, ON",CA3551
300,38504.5,"Sudbury (District), ON",CA3552
301,3211.2,"Greater Sudbury / Grand Sudbury, ON",CA3553
302,13279.9,"Timiskaming, ON",CA3554
303,141247.0,"Cochrane, ON",CA3556
304,48734.7,"Algoma, ON",CA3557
305,103706.0,"Thunder Bay, ON",CA3558
306,15472.9,"Rainy River, ON",CA3559
307,407193.0,"Kenora, ON",CA3560
308,553556.0,Manitoba,CA46
309,14872.6,"Division 1, MB",CA4601
310,4406.4,"Division 2, MB",CA4602
311,5309.5,"Division 3, MB",CA4603
312,4481.6,"Division 4, MB",CA4604
313,8228.5,"Division 5, MB",CA4605
314,3944.7,"Division 6, MB",CA4606
315,5743.9,"Division 7, MB",CA4607
316,5752.0,"Division 8, MB",CA4608
317,2990.2,"Division 9, MB",CA4609
318,1914.6,"Division 10, MB",CA4610
319,571.0,"Division 11, MB",CA4611
320,1856.7,"Division 12, MB",CA4612
321,1693.9,"Division 13, MB",CA4613
322,2810.9,"Division 14, MB",CA4614
323,9326.6,"Division 15, MB",CA4615
324,4712.5,"Division 16, MB",CA4616
325,13624.7,"Division 17, MB",CA4617
326,11330.7,"Division 18, MB",CA4618
327,61219.0,"Division 19, MB",CA4619
328,9869.5,"Division 20, MB",CA4620
329,43196.7,"Division 21, MB",CA4621
330,92070.7,"Division 22, MB",CA4622
331,242443.0,"Division 23, MB",CA4623
332,591670.0,Saskatchewan,CA47
333,14996.8,"Division 1, SK",CA4701
334,16859.2,"Division 2, SK",CA4702
335,18554.0,"Division 3, SK",CA4703
336,21365.0,"Division 4, SK",CA4704
337,14782.8,"Division 5, SK",CA4705
338,17548.0,"Division 6, SK",CA4706
339,18835.8,"Division 7, SK",CA4707
340,22233.3,"Division 8, SK",CA4708
341,15270.8,"Division 9, SK",CA4709
342,12220.3,"Division 10, SK",CA4710
343,16683.1,"Division 11, SK",CA4711
344,13887.4,"Division 12, SK",CA4712
345,17255.3,"Division 13, SK",CA4713
346,33817.7,"Division 14, SK",CA4714
347,19612.5,"Division 15, SK",CA4715
348,21828.5,"Division 16, SK",CA4716
349,22457.8,"Division 17, SK",CA4717
350,270068.0,"Division 18, SK",CA4718
351,642317.0,Alberta,CA48
352,20526.1,"Division 1, AB",CA4801
353,17659.9,"Division 2, AB",CA4802
354,13866.2,"Division 3, AB",CA4803
355,21466.5,"Division 4, AB",CA4804
356,16775.2,"Division 5, AB",CA4805
357,12645.3,"Division 6, AB",CA4806
358,19209.5,"Division 7, AB",CA4807
359,9909.3,"Division 8, AB",CA4808
360,18921.4,"Division 9, AB",CA4809
361,20451.6,"Division 10, AB",CA4810
362,15754.3,"Division 11, AB",CA4811
363,30046.7,"Division 12, AB",CA4812
364,24373.4,"Division 13, AB",CA4813
365,26964.1,"Division 14, AB",CA4814
366,28400.0,"Division 15, AB",CA4815
367,97267.4,"Division 16, AB",CA4816
368,192084.0,"Division 17, AB",CA4817
369,33205.2,"Division 18, AB",CA4818
370,20518.2,"Division 19, AB",CA4819
371,925186.0,British Columbia,CA59
372,27560.5,"East Kootenay, BC",CA5901
373,22130.7,"Central Kootenay, BC",CA5903
374,8095.6,"Kootenay Boundary, BC",CA5905
375,10412.6,"Okanagan-Similkameen, BC",CA5907
376,13361.7,"Fraser Valley, BC",CA5909
377,2877.4,"Greater Vancouver, BC",CA5915
378,2341.0,"Capital, BC",CA5917
379,3473.1,"Cowichan Valley, BC",CA5919
380,2034.9,"Nanaimo, BC",CA5921
381,6596.6,"Alberni-Clayoquot, BC",CA5923
382,20013.5,Comox Valley BC,CA5925
383,5092.1,"Powell River, BC",CA5927
384,3778.1,"Sunshine Coast, BC",CA5929
385,16353.7,"Squamish-Lillooet, BC",CA5931
386,44475.7,"Thompson-Nicola, BC",CA5933
387,2904.0,"Central Okanagan, BC",CA5935
388,7511.9,"North Okanagan, BC",CA5937
389,29004.0,"Columbia-Shuswap, BC",CA5939
390,80629.3,"Cariboo, BC",CA5941
391,20288.2,"Mount Waddington, BC",CA5943
392,24556.4,"Central Coast, BC",CA5945
393,19871.8,"Skeena-Queen Charlotte, BC",CA5947
394,91917.9,"Kitimat-Stikine, BC",CA5949
395,73440.9,"Bulkley-Nechako, BC",CA5951
396,50705.8,"Fraser-Fort George, BC",CA5953
397,117761.0,"Peace River, BC",CA5955
398,132478.0,"Stikine, BC",CA5957
399,85148.9,"Northern Rockies, BC",CA5959
400,474391.0,Yukon,CA60
401,474711.0,"Yukon, YT",CA6001
402,1183090.0,Northwest Territories,CA61
403,618620.0,Region 6 NT,CA6106
404,522215.0,"Inuvik, NT",CA6107
405,1936110.0,Nunavut,CA62
406,1040420.0,"Baffin, NU",CA6204
407,445109.0,"Keewatin, NU",CA6205
408,446728.0,"Kitikmeot, NU",CA6208
409,740243.0,Chile,CHL
410,42225.8,Tarapacá,CL01
411,2835.3,Iquique,CL011
412,39390.5,Tamarugal,CL012
413,126049.0,Antofagasta,CL02
414,67813.5,Antofagasta,CL021
415,41999.6,El Loa,CL022
416,16236.0,Tocopilla,CL023
417,75176.2,Atacama,CL03
418,32538.5,Copiapó,CL031
419,24436.2,Chañaral,CL032
420,18201.5,Huasco,CL033
421,40579.9,Coquimbo,CL04
422,16895.1,Elqui,CL041
423,10131.6,Choapa,CL042
424,13553.2,Limarí,CL043
425,16396.1,Valparaíso,CL05
426,2146.6,Valparaíso,CL051
427,163.6,Isla De Pascua,CL052
428,3054.1,Los Andes,CL053
429,4588.9,Petorca,CL054
430,1113.1,Quillota,CL055
431,1511.6,San Antonio,CL056
432,2659.2,San Felipe de Aconcagua,CL057
433,1159.0,Marga Marga,CL058
434,16387.0,O'Higgins,CL06
435,7384.2,Cachapoal,CL061
436,3324.8,Cardenal Caro,CL062
437,5678.0,Colchagua,CL063
438,30296.1,Maule,CL07
439,9937.8,Talca,CL071
440,3027.2,Cauquenes,CL072
441,7280.9,Curicó,CL073
442,10050.2,Linares,CL074
443,37068.7,Bío-Bío,CL08
444,3439.0,Concepción,CL081
445,5463.3,Arauco,CL082
446,14987.9,Bío-Bío,CL083
447,13178.5,Ñuble,CL084
448,31842.3,Araucanía,CL09
449,18409.0,Cautín,CL091
450,13433.3,Malleco,CL092
451,48583.6,Los Lagos,CL10
452,14876.4,Llanquihue,CL101
453,9181.6,Chiloé,CL102
454,9223.7,Osorno,CL103
455,15301.9,Palena,CL104
456,108494.0,Aysén,CL11
457,12942.5,Coihaique,CL111
458,46588.8,Aysen,CL112
459,37043.6,Capitán Prat,CL113
460,11919.5,General Carrera,CL114
461,116437.0,Magallanes y Antártica,CL12
462,38400.8,Magallanes,CL121
463,15853.7,Antártica Chilena,CL122
464,22592.7,Tierra Del Fuego,CL123
465,55443.9,Última Esperanza,CL124
466,15403.2,Santiago Metropolitan,CL13
467,2030.3,Santiago,CL131
468,5528.3,Cordillera,CL132
469,2076.1,Chacabuco,CL133
470,1120.5,Maipo,CL134
471,4065.7,Melipilla,CL135
472,582.3,Talagante,CL136
473,18429.5,Los Rios,CL14
474,10197.2,Valdivia,CL141
475,8232.3,Ranco,CL142
476,16873.3,Arica Y Parinacota,CL15
477,8726.4,Arica,CL151
478,8146.9,Parinacota,CL152
479,77226.5,Czech Republic,CZE
480,485.4,Prague,CZ01
481,485.4,Prague,CZ010
482,10806.5,Central Bohemian Region,CZ02
483,10806.5,Central Bohemia,CZ020
484,17058.8,Southwest,CZ03
485,9615.6,South Bohemia,CZ031
486,7443.2,Plzen,CZ032
487,8474.7,Northwest,CZ04
488,3243.5,Karlovy Vary,CZ041
489,5231.2,Ústí nad Labem,CZ042
490,12254.3,Northeast,CZ05
491,3115.4,Liberec,CZ051
492,4684.0,Hradec Králové,CZ052
493,4455.0,Pardubice,CZ053
494,13715.6,Southeast,CZ06
495,6675.9,Vysocina,CZ063
496,7039.6,South Moravia,CZ064
497,9119.6,Central Moravia,CZ07
498,5207.6,Olomouc,CZ071
499,3912.0,Zlín,CZ072
500,5311.7,Moravia-Silesia,CZ08
501,5311.7,Moravia-Silesia,CZ080
502,42959.0,Denmark,DNK
503,2546.2,Capital (DK),DK01
504,167.0,City of Copenhagen,DK011
505,342.1,Copenhagen suburbs,DK012
506,1448.8,North Zealand,DK013
507,588.3,Bornholm,DK014
508,7217.7,Zealand,DK02
509,807.8,East Zealand,DK021
510,6409.9,West and South Zealand,DK022
511,12321.6,Southern Denmark,DK03
512,3544.4,Fyn,DK031
513,8777.2,South Jutland,DK032
514,13000.4,Central Jutland,DK04
515,7158.7,West Jutland,DK041
516,5841.7,East Jutland,DK042
517,7873.2,Northern Jutland,DK05
518,7873.2,North Jutland,DK050
519,43432.0,Estonia,EST
520,43432.0,Estonia,EE00
521,4333.0,North Estonia,EE001
522,11135.0,West Estonia,EE004
523,9067.0,Central Estonia,EE006
524,3364.0,Northeast Estonia,EE007
525,15533.0,Southern Estonia,EE008
526,303891.0,Finland,FIN
527,58302.8,Western Finland,FI19
528,16703.4,Central Finland,FI193
529,13443.8,Southern Ostrobothnia,FI194
530,7751.7,Ostrobothnia,FI195
531,7957.3,Satakunta,FI196
532,12446.7,Pirkanmaa,FI197
533,9096.8,Helsinki-Uusimaa,FI1B
534,9096.8,Helsinki-Uusimaa,FI1B1
535,31745.4,Southern Finland,FI1C
536,10661.2,Finland Proper,FI1C1
537,5198.7,Tavastia Proper,FI1C2
538,5124.5,Päijät-Häme,FI1C3
539,5148.2,Kymenlaakso,FI1C4
540,5612.8,South Karelia,FI1C5
541,203194.0,Eastern and Northern Finland,FI1D
542,13976.7,Southern Savonia,FI1D1
543,16768.4,Northern Savonia,FI1D2
544,17762.3,North Karelia,FI1D3
545,21499.8,Kainuu,FI1D4
546,5018.6,Central Ostrobothnia,FI1D5
547,35508.2,North Ostrobothnia,FI1D6
548,92659.8,Lapland,FI1D7
549,1552.2,Åland,FI20
550,1552.2,Åland,FI200
551,543965.0,France,FRA
552,12012.3,Ile-de-France,FR10
553,105.4,Paris,FR101
554,5915.3,Seine-et-Marne,FR102
555,2284.4,Yvelines,FR103
556,1804.4,Essonne,FR104
557,175.6,Hauts-de-Seine,FR105
558,236.2,Seine-Saint-Denis,FR106
559,245.0,Val-de-Marne,FR107
560,1245.9,Val-d'Oise,FR108
561,25605.8,Champagne-Ardenne,FR21
562,5229.4,Ardennes,FR211
563,6004.2,Aube,FR212
564,8161.6,Marne,FR213
565,6210.6,Haute-Marne,FR214
566,19399.5,Picardy,FR22
567,7369.1,Aisne,FR221
568,5860.2,Oise,FR222
569,6170.1,Somme,FR223
570,12317.4,Upper Normandy,FR23
571,6039.9,Eure,FR231
572,6277.6,Seine-Maritime,FR232
573,39150.9,Centre-Val de Loire,FR24
574,7235.0,Cher,FR241
575,5880.0,Eure-et-Loir,FR242
576,6790.6,Indre,FR243
577,6126.7,Indre-et-Loire,FR244
578,6343.4,Loir-et-Cher,FR245
579,6775.2,Loiret,FR246
580,17589.3,Lower Normandy,FR25
581,5547.9,Calvados,FR251
582,5938.0,Manche,FR252
583,6103.4,Orne,FR253
584,31582.0,Burgundy,FR26
585,8763.2,Côte-d'Or,FR261
586,6816.7,Nièvre,FR262
587,8574.7,Saône-et-Loire,FR263
588,7427.4,Yonne,FR264
589,12414.1,Nord-Pas-de-Calais,FR30
590,5742.7,Nord (FR),FR301
591,6671.4,Pas-de-Calais,FR302
592,23547.4,Lorraine,FR41
593,5245.9,Meurthe-et-Moselle,FR411
594,6211.4,Meuse,FR412
595,6216.3,Moselle,FR413
596,5873.8,Vosges,FR414
597,8280.2,Alsace,FR42
598,4755.0,Bas-Rhin,FR421
599,3525.2,Haut-Rhin,FR422
600,16202.3,Franche-Comté,FR43
601,5233.6,Doubs,FR431
602,4999.2,Jura,FR432
603,5360.1,Haute-Saône,FR433
604,609.4,Territoire de Belfort,FR434
605,32081.8,Pays de la Loire,FR51
606,6815.4,Loire-Atlantique,FR511
607,7165.6,Maine-et-Loire,FR512
608,5175.2,Mayenne,FR513
609,6206.0,Sarthe,FR514
610,6719.6,Vendée,FR515
611,27207.9,Brittany,FR52
612,6877.6,Côtes-d'Armor,FR521
613,6733.0,Finistère,FR522
614,6774.7,Ille-et-Vilaine,FR523
615,6822.6,Morbihan,FR524
616,25809.5,Poitou-Charentes,FR53
617,5956.0,Charente,FR531
618,6863.8,Charente-Maritime,FR532
619,5999.4,Deux-Sèvres,FR533
620,6990.4,Vienne,FR534
621,41308.4,Aquitaine,FR61
622,9060.0,Dordogne,FR611
623,10000.1,Gironde,FR612
624,9242.6,Landes,FR613
625,5360.9,Lot-et-Garonne,FR614
626,7644.8,Pyrénées-Atlantiques,FR615
627,45347.9,Midi-Pyrénées,FR62
628,4889.9,Ariège,FR621
629,8735.1,Aveyron,FR622
630,6309.3,Haute-Garonne,FR623
631,6256.8,Gers,FR624
632,5216.5,Lot,FR625
633,4464.0,Hautes-Pyrénées,FR626
634,5757.9,Tarn,FR627
635,3718.3,Tarn-et-Garonne,FR628
636,16942.3,Limousin,FR63
637,5856.8,Corrèze,FR631
638,5565.4,Creuse,FR632
639,5520.1,Haute-Vienne,FR633
640,43698.2,Rhône-Alpes,FR71
641,5762.4,Ain,FR711
642,5528.6,Ardèche,FR712
643,6530.0,Drôme,FR713
644,7431.4,Isère,FR714
645,4780.6,Loire,FR715
646,3249.1,Rhône,FR716
647,6028.3,Savoie,FR717
648,4387.8,Haute-Savoie,FR718
649,26012.9,Auvergne,FR72
650,7340.1,Allier,FR721
651,5726.0,Cantal,FR722
652,4977.1,Haute-Loire,FR723
653,7969.7,Puy-de-Dôme,FR724
654,27375.8,Languedoc-Roussillon,FR81
655,6139.0,Aude,FR811
656,5852.9,Gard,FR812
657,6101.0,Hérault,FR813
658,5166.9,Lozère,FR814
659,4116.0,Pyrénées-Orientales,FR815
660,31399.6,Provence-Alpes-Côte d'Azur,FR82
661,6925.2,Alpes-de-Haute-Provence,FR821
662,5548.7,Hautes-Alpes,FR822
663,4298.6,Alpes-Maritimes,FR823
664,5087.5,Bouches-du-Rhône,FR824
665,5972.5,Var,FR825
666,3567.1,Vaucluse,FR826
667,8679.8,Corsica,FR83
668,4014.2,Corse-du-Sud,FR831
669,4665.6,Haute-Corse,FR832
670,357122.0,Germany,DEU
671,35751.5,Baden-Württemberg,DE1
672,70550.1,Bavaria,DE2
673,887.7,Berlin,DE3
674,29483.1,Brandenburg,DE4
675,419.2,Bremen,DE5
676,755.2,Hamburg,DE6
677,21114.9,Hesse,DE7
678,23190.8,Mecklenburg-Vorpommern,DE8
679,47612.9,Lower Saxony,DE9
680,34092.3,North Rhine-Westphalia,DEA
681,19854.1,Rhineland-Palatinate,DEB
682,2568.8,Saarland,DEC
683,18419.7,Saxony,DED
684,20449.5,Saxony-Anhalt,DEE
685,15799.3,Schleswig-Holstein,DEF
686,16172.5,Thuringia,DEG
687,130820.0,Greece,GRC
688,14064.0,East Macedonia - Thrace,GR11
689,18886.0,Central Macedonia,GR12
690,9258.0,West Macedonia,GR13
691,14003.0,Thessaly,GR14
692,9085.0,Epirus,GR21
693,2299.0,Ionian Islands,GR22
694,11067.0,West Greece,GR23
695,15435.0,Central Greece,GR24
696,15475.0,Peloponnese,GR25
697,3806.0,Attica,GR30
698,3823.0,North Aegean,GR41
699,5286.0,South Aegean,GR42
700,8335.0,Crete,GR43
701,93028.0,Hungary,HUN
702,6915.8,Central Hungary,HU10
703,525.1,Budapest,HU101
704,6390.7,Pest,HU102
705,11116.0,Central Transdanubia,HU21
706,4358.5,Fejér,HU211
707,2264.7,Komárom-Esztergom,HU212
708,4492.8,Veszprém,HU213
709,11328.4,Western Transdanubia,HU22
710,4208.3,Gyor-Moson-Sopron,HU221
711,3336.1,Vas,HU222
712,3784.0,Zala,HU223
713,14168.7,Southern Transdanubia,HU23
714,4429.6,Baranya,HU231
715,6035.9,Somogy,HU232
716,3703.3,Tolna,HU233
717,13432.8,Northern Hungary,HU31
718,7250.0,Borsod-Abaúj-Zemplén,HU311
719,3637.3,Heves,HU312
720,2545.5,Nógrád,HU313
721,17728.8,Northern Great Plain,HU32
722,6210.6,Hajdú-Bihar,HU321
723,5581.7,Jász-Nagykun-Szolnok,HU322
724,5936.6,Szabolcs-Szatmár-Bereg,HU323
725,18337.2,Southern Great Plain,HU33
726,8444.7,Bács-Kiskun,HU331
727,5629.7,Békés,HU332
728,4262.8,Csongrád,HU333
729,100243.0,Iceland,ISL
730,1042.7,Capital Region,IS01
731,1042.7,Capital Region,IS011
732,101653.0,Other Regions,IS02
733,818.3,Southern Peninsula,IS021
734,9520.2,Western Region (IS),IS022
735,9353.9,Westfjords,IS023
736,12746.5,Northwestern Region (IS),IS024
737,24689.0,Southern Region (IS),IS025
738,21933.4,Northeastern Region (IS),IS026
739,22591.8,Austurland,IS027
740,68394.0,Ireland,IRL
741,32097.0,"Border, Midland and Western",IE01
742,11976.0,Border,IE011
743,6497.0,Midlands,IE012
744,13625.0,West,IE013
745,36297.0,Southern and Eastern,IE02
746,917.0,Dublin,IE021
747,6030.0,Mid-East,IE022
748,7860.0,Mid-West,IE023
749,9372.0,South-East (IE),IE024
750,12118.0,South-West (IE),IE025
751,21643.0,Israel,ISR
752,653.0,Jerusalem District,IL01
753,4473.0,Northern District,IL02
754,866.0,Haifa District,IL03
755,1294.0,Central District,IL04
756,172.0,Tel Aviv District,IL05
757,295113.0,Italy,ITA
758,14185.0,Southern District,IL06
759,24860.0,Piedmont,ITC1
760,6727.0,Turin,ITC11
761,2038.0,Vercelli,ITC12
762,896.0,Biella,ITC13
763,2135.0,Verbano-Cusio-Ossola,ITC14
764,1285.0,Novara,ITC15
765,6813.0,Cuneo,ITC16
766,1498.0,Asti,ITC17
767,3467.0,Alessandria,ITC18
768,3239.0,Aosta Valley,ITC2
769,3239.0,Aosta Valley,ITC20
770,5330.0,Liguria,ITC3
771,1142.0,Imperia,ITC31
772,1520.0,Savona,ITC32
773,1808.0,Genoa,ITC33
774,861.0,La Spezia,ITC34
775,22800.0,Lombardy,ITC4
776,1113.0,Varese,ITC41
777,1188.0,Como,ITC42
778,746.0,Lecco,ITC43
779,3158.0,Sondrio,ITC44
780,2652.0,Bergamo,ITC46
781,4479.0,Brescia,ITC47
782,2854.0,Pavia,ITC48
783,742.0,Lodi,ITC49
784,1698.0,Cremona,ITC4A
785,2227.0,Mantua,ITC4B
786,1536.0,Milan,ITC4C
787,405.0,Monza and Brianza,ITC4D
788,10635.0,Abruzzo,ITF1
789,5008.0,L'Aquila,ITF11
790,1919.0,Teramo,ITF12
791,1167.0,Pescara,ITF13
792,2542.0,Chieti,ITF14
793,4373.0,Molise,ITF2
794,1507.0,Isernia,ITF21
795,2866.0,Campobasso,ITF22
796,13392.0,Campania,ITF3
797,2605.0,Caserta,ITF31
798,2034.0,Benevento,ITF32
799,1162.0,Naples,ITF33
800,2756.0,Avellino,ITF34
801,4835.0,Salerno,ITF35
802,19191.0,Apulia,ITF4
803,2417.0,Taranto,ITF43
804,1837.0,Brindisi,ITF44
805,2757.0,Lecce,ITF45
806,7049.0,Foggia,ITF46
807,5130.0,Bari,ITF47
808,1538.7,Barletta-Andria-Trani,ITF48
809,9719.0,Basilicata,ITF5
810,6383.0,Potenza,ITF51
811,3336.0,Matera,ITF52
812,14753.0,Calabria,ITF6
813,6485.0,Cosenza,ITF61
814,1694.0,Crotone,ITF62
815,2346.0,Catanzaro,ITF63
816,1128.0,Vibo Valentia,ITF64
817,3100.0,Reggio di Calabria,ITF65
818,25409.0,Sicily,ITG1
819,2445.0,Trapani,ITG11
820,4948.0,Palermo,ITG12
821,3164.0,Messina,ITG13
822,3014.0,Agrigento,ITG14
823,2105.0,Caltanissetta,ITG15
824,2527.0,Enna,ITG16
825,3509.0,Catania,ITG17
826,1606.0,Ragusa,ITG18
827,2090.0,Siracusa,ITG19
828,23892.0,Sardinia,ITG2
829,4282.5,Sassari,ITG25
830,3916.5,Nuoro,ITG26
831,4551.3,Cagliari,ITG27
832,3022.4,Oristano,ITG28
833,3382.4,Olbia-Tempio,ITG29
834,1845.4,Ogliastra,ITG2A
835,1506.9,Medio Campidano,ITG2B
836,1488.6,Carbonia-Iglesias,ITG2C
837,7370.0,Province of Bolzano-Bozen,ITH1
838,7370.0,Bolzano-Bozen,ITH10
839,6140.0,Province of Trento,ITH2
840,6140.0,Trento,ITH20
841,17571.0,Veneto,ITH3
842,2895.0,Verona,ITH31
843,2684.0,Vicenza,ITH32
844,3592.0,Belluno,ITH33
845,2411.0,Treviso,ITH34
846,2178.0,Venice,ITH35
847,2102.0,Padua,ITH36
848,1709.0,Rovigo,ITH37
849,7556.0,Friuli-Venezia Giulia,ITH4
850,2164.0,Pordenone,ITH41
851,4728.0,Udine,ITH42
852,454.0,Gorizia,ITH43
853,211.0,Trieste,ITH44
854,21523.0,Emilia-Romagna,ITH5
855,2498.0,Piacenza,ITH51
856,3329.0,Parma,ITH52
857,2239.0,Reggio Nell'Emilia,ITH53
858,2619.0,Modena,ITH54
859,3639.0,Bologna,ITH55
860,2553.0,Ferrara,ITH56
861,1793.0,Ravenna,ITH57
862,2337.0,Forlì-Cesena,ITH58
863,861.5,Rimini,ITH59
864,22657.0,Tuscany,ITI1
865,1126.0,Massa-Carrara,ITI11
866,1730.0,Lucca,ITI12
867,952.0,Pistoia,ITI13
868,3474.0,Florence,ITI14
869,361.0,Prato,ITI15
870,1201.0,Livorno,ITI16
871,2396.0,Pisa,ITI17
872,3204.0,Arezzo,ITI18
873,3784.0,Siena,ITI19
874,4428.0,Grosseto,ITI1A
875,8252.0,Umbria,ITI2
876,6157.0,Perugia,ITI21
877,2095.0,Terni,ITI22
878,9554.0,Marche,ITI3
879,2564.2,Pesaro e Urbino,ITI31
880,1908.0,Ancona,ITI32
881,2755.0,Macerata,ITI33
882,1197.5,Ascoli Piceno,ITI34
883,859.5,Fermo,ITI35
884,16897.0,Lazio,ITI4
885,3453.0,Viterbo,ITI41
886,2720.0,Rieti,ITI42
887,5285.0,Rome,ITI43
888,2223.0,Latina,ITI44
889,3215.0,Frosinone,ITI45
890,373530.0,Japan,JPN
891,83456.0,Hokkaido,JPA
892,83456.0,Hokkaido,JPA01
893,66504.0,Tohoku,JPB
894,9506.0,Aomori,JPB02
895,15252.0,Iwate,JPB03
896,7240.0,Miyagi,JPB04
897,11547.0,Akita,JPB05
898,9317.0,Yamagata,JPB06
899,13642.0,Fukushima,JPB07
900,35355.0,"Northern-Kanto, Koshin",JPC
901,5797.0,Ibaraki,JPC08
902,6392.0,Tochigi,JPC09
903,6350.0,Gumma,JPC10
904,12569.0,Yamanashi,JPC19
905,4247.0,Nagano,JPC20
906,13112.0,Southern-Kanto,JPD
907,3776.0,Saitama,JPD11
908,5085.0,Chiba,JPD12
909,1915.0,Tokyo,JPD13
910,2336.0,Kanagawa,JPD14
911,32723.0,Hokuriku,JPE
912,4173.0,Niigata,JPE15
913,4411.0,Toyama,JPE16
914,13566.0,Ishikawa,JPE17
915,10573.0,Fukui,JPE18
916,22338.0,Toukai,JPF
917,7573.0,Gifu,JPF21
918,4180.0,Shizuoka,JPF22
919,4857.0,Aichi,JPF23
920,5728.0,Mie,JPF24
921,26232.0,Kansai region,JPG
922,3453.0,Shiga,JPG25
923,4562.0,Kyoto,JPG26
924,1530.0,Osaka,JPG27
925,8308.0,Hyogo,JPG28
926,3670.0,Nara,JPG29
927,4709.0,Wakayama,JPG30
928,31450.0,Chugoku,JPH
929,3481.0,Tottori,JPH31
930,6529.0,Shimane,JPH32
931,7058.0,Okayama,JPH33
932,8440.0,Hiroshima,JPH34
933,5942.0,Yamaguchi,JPH35
934,18648.0,Shikoku,JPI
935,4077.0,Tokushima,JPI36
936,1817.0,Kagawa,JPI37
937,5663.0,Ehime,JPI38
938,7091.0,Kochi,JPI39
939,43712.0,"Kyushu, Okinawa",JPJ
940,4832.0,Fukuoka,JPJ40
941,2387.0,Saga,JPJ41
942,3722.0,Nagasaki,JPJ42
943,7375.0,Kumamoto,JPJ43
944,6286.0,Oita,JPJ44
945,7713.0,Miyazaki,JPJ45
946,9149.0,Kagoshima,JPJ46
947,2248.0,Okinawa,JPJ47
948,99461.0,Korea,KOR
949,11705.2,Capital Region (KR),KR01
950,605.5,Seoul,KR011
951,964.5,Incheon,KR012
952,10135.2,Gyeonggi-do,KR013
953,12331.6,Gyeongnam Region,KR02
954,759.9,Busan,KR021
955,1056.3,Ulsan,KR022
956,10515.5,Gyeongsangnam-do,KR023
957,19909.3,Gyeongbuk Region,KR03
958,885.6,Daegu,KR031
959,19023.7,Gyeonsangbuk-do,KR032
960,20538.5,Jeolla Region,KR04
961,501.4,Gwangju,KR041
962,8050.1,Jeollabuk-do,KR042
963,11987.0,Jeollanam-do,KR043
964,16558.0,Chungcheong Region,KR05
965,539.8,Daejeon,KR051
966,7431.7,Chungcheongbuk-do,KR052
967,8586.4,Chungcheongnam-do,KR053
968,16571.8,Gangwon Region,KR06
969,16571.8,Gangwon-do,KR061
970,1846.3,Jeju,KR07
971,1846.3,Jeju-do,KR071
972,2586.0,Luxembourg,LUX
973,2586.0,Luxembourg,LU00
974,2586.0,Luxembourg,LU000
975,1959250.0,Mexico,MEX
976,5625.0,Aguascalientes,ME01
977,1181.0,"Aguacalientes, R1",ME01R1
978,4444.0,"Aguacalientes, R2",ME01R2
979,71546.0,Baja California Norte,ME02
980,53323.0,"Baja California Norte, R1",ME02R1
981,12979.0,"Baja California Norte, R2",ME02R2
982,3623.0,"Baja California Norte, R3",ME02R3
983,1621.0,"Baja California Norte, R4",ME02R4
984,73943.0,Baja California Sur,ME03
985,22693.0,"Baja California Sur, R1",ME03R1
986,15542.0,"Baja California Sur, R2",ME03R2
987,3725.0,"Baja California Sur, R3",ME03R3
988,31983.0,"Baja California Sur, R4",ME03R4
989,57727.0,Campeche,ME04
990,4672.0,"Campeche, R1",ME04R1
991,28779.0,"Campeche, R2",ME04R2
992,3228.0,"Campeche, R3",ME04R3
993,21048.0,"Campeche, R4",ME04R4
994,151445.0,Coahuila,ME05
995,27074.0,"Coahuila, R1",ME05R1
996,19180.0,"Coahuila, R2",ME05R2
997,45621.0,"Coahuila, R3",ME05R3
998,16040.0,"Coahuila, R4",ME05R4
999,16302.0,"Coahuila, R5",ME05R5
1000,27228.0,"Coahuila, R6",ME05R6
1001,5627.0,Colima,ME06
1002,1138.0,"Colima, R1",ME06R1
1003,1945.0,"Colima, R2",ME06R2
1004,2544.0,"Colima, R3",ME06R3
1005,73681.0,Chiapas,ME07
1006,12985.0,"Chiapas, R1",ME07R1
1007,4752.0,"Chiapas, R2",ME07R2
1008,9603.0,"Chiapas, R3",ME07R3
1009,7967.0,"Chiapas, R4",ME07R4
1010,5639.0,"Chiapas, R5",ME07R5
1011,20185.0,"Chiapas, R6",ME07R6
1012,2223.0,"Chiapas, R7",ME07R7
1013,5893.0,"Chiapas, R8",ME07R8
1014,4434.0,"Chiapas, R9",ME07R9
1015,247487.0,Chihuahua,ME08
1016,28355.0,"Chihuahua, R1",ME08R1
1017,10049.0,"Chihuahua, R10",ME08R10
1018,21374.0,"Chihuahua, R11",ME08R11
1019,11571.0,"Chihuahua, R12",ME08R12
1020,29634.0,"Chihuahua, R13",ME08R13
1021,9937.0,"Chihuahua, R2",ME08R2
1022,24800.0,"Chihuahua, R3",ME08R3
1023,23131.0,"Chihuahua, R4",ME08R4
1024,17305.0,"Chihuahua, R5",ME08R5
1025,23937.0,"Chihuahua, R6",ME08R6
1026,23444.0,"Chihuahua, R7",ME08R7
1027,18430.0,"Chihuahua, R8",ME08R8
1028,5520.0,"Chihuahua, R9",ME08R9
1029,1484.0,Federal District (MX),ME09
1030,373.0,"Distrito Federal (MX), R1",ME09R1
1031,1111.0,"Distrito Federal (MX), R2",ME09R2
1032,123367.0,Durango,ME10
1033,7661.0,"Durango, R1",ME10R1
1034,17302.0,"Durango, R2",ME10R2
1035,12000.0,"Durango, R3",ME10R3
1036,15066.0,"Durango, R4",ME10R4
1037,14631.0,"Durango, R5",ME10R5
1038,7863.0,"Durango, R6",ME10R6
1039,17971.0,"Durango, R7",ME10R7
1040,20829.0,"Durango, R8",ME10R8
1041,10044.0,"Durango, R9",ME10R9
1042,30621.0,Guanajuato,ME11
1043,10630.0,"Guanajuato, R1",ME11R1
1044,6809.0,"Guanajuato, R2",ME11R2
1045,7258.0,"Guanajuato, R3",ME11R3
1046,5924.0,"Guanajuato, R4",ME11R4
1047,63618.0,Guerrero,ME12
1048,12984.0,"Guerrero, R1",ME12R1
1049,8592.0,"Guerrero, R2",ME12R2
1050,10647.0,"Guerrero, R3",ME12R3
1051,7059.0,"Guerrero, R4",ME12R4
1052,14080.0,"Guerrero, R5",ME12R5
1053,8548.0,"Guerrero, R6",ME12R6
1054,1708.0,"Guerrero, R7",ME12R7
1055,20856.0,Hidalgo,ME13
1056,1354.0,"Hidalgo, R1",ME13R1
1057,1467.0,"Hidalgo, R10",ME13R10
1058,1502.0,"Hidalgo, R11",ME13R11
1059,416.0,"Hidalgo, R12",ME13R12
1060,876.0,"Hidalgo, R13",ME13R13
1061,1705.0,"Hidalgo, R2",ME13R2
1062,1561.0,"Hidalgo, R3",ME13R3
1063,2274.0,"Hidalgo, R4",ME13R4
1064,2353.0,"Hidalgo, R5",ME13R5
1065,1752.0,"Hidalgo, R6",ME13R6
1066,1508.0,"Hidalgo, R7",ME13R7
1067,2195.0,"Hidalgo, R8",ME13R8
1068,1893.0,"Hidalgo, R9",ME13R9
1069,78630.0,Jalisco,ME14
1070,8825.0,"Jalisco, R1",ME14R1
1071,7554.0,"Jalisco, R10",ME14R10
1072,7896.0,"Jalisco, R2",ME14R2
1073,6965.0,"Jalisco, R3",ME14R3
1074,3776.0,"Jalisco, R4",ME14R4
1075,7664.0,"Jalisco, R5",ME14R5
1076,6284.0,"Jalisco, R6",ME14R6
1077,11803.0,"Jalisco, R7",ME14R7
1078,10208.0,"Jalisco, R8",ME14R8
1079,7655.0,"Jalisco, R9",ME14R9
1080,22333.0,Mexico,ME15
1081,2989.0,"Mexico, R1",ME15R1
1082,3182.0,"Mexico, R2",ME15R2
1083,2619.0,"Mexico, R3",ME15R3
1084,3434.0,"Mexico, R4",ME15R4
1085,3214.0,"Mexico, R5",ME15R5
1086,2829.0,"Mexico, R6",ME15R6
1087,2006.0,"Mexico, R7",ME15R7
1088,2060.0,"Mexico, R8",ME15R8
1089,58667.0,Michoacan,ME16
1090,5949.0,"Michoacan, R1",ME16R1
1091,11023.0,"Michoacan, R2",ME16R2
1092,13192.0,"Michoacan, R3",ME16R3
1093,8130.0,"Michoacan, R4",ME16R4
1094,7850.0,"Michoacan, R5",ME16R5
1095,12523.0,"Michoacan, R6",ME16R6
1096,4892.0,Morelos,ME17
1097,519.0,"Morelos, R1",ME17R1
1098,611.0,"Morelos, R2",ME17R2
1099,965.0,"Morelos, R3",ME17R3
1100,280.0,"Morelos, R4",ME17R4
1101,706.0,"Morelos, R5",ME17R5
1102,1381.0,"Morelos, R6",ME17R6
1103,430.0,"Morelos, R7",ME17R7
1104,27862.0,Nayarit,ME18
1105,7704.0,"Nayarit, R1",ME18R1
1106,2160.0,"Nayarit, R2",ME18R2
1107,3635.0,"Nayarit, R3",ME18R3
1108,2664.0,"Nayarit, R4",ME18R4
1109,11699.0,"Nayarit, R5",ME18R5
1110,64203.0,Nuevo Leon,ME19
1111,12658.0,"Nuevo Leon, R1",ME19R1
1112,3747.0,"Nuevo Leon, R2",ME19R2
1113,9426.0,"Nuevo Leon, R3",ME19R3
1114,7200.0,"Nuevo Leon, R4",ME19R4
1115,18311.0,"Nuevo Leon, R5",ME19R5
1116,11003.0,"Nuevo Leon, R6",ME19R6
1117,1858.0,"Nuevo Leon, R7",ME19R7
1118,93343.0,Oaxaca,ME20
1119,15656.0,"Oaxaca, R1",ME20R1
1120,4381.0,"Oaxaca, R2",ME20R2
1121,8511.0,"Oaxaca, R3",ME20R3
1122,9401.0,"Oaxaca, R4",ME20R4
1123,11528.0,"Oaxaca, R5",ME20R5
1124,20192.0,"Oaxaca, R6",ME20R6
1125,8951.0,"Oaxaca, R7",ME20R7
1126,14723.0,"Oaxaca, R8",ME20R8
1127,34251.0,Puebla,ME21
1128,5648.0,"Puebla, R1",ME21R1
1129,2827.0,"Puebla, R2",ME21R2
1130,4518.0,"Puebla, R3",ME21R3
1131,2597.0,"Puebla, R4",ME21R4
1132,1760.0,"Puebla, R5",ME21R5
1133,8542.0,"Puebla, R6",ME21R6
1134,8359.0,"Puebla, R7",ME21R7
1135,11658.0,Queretaro,ME22
1136,3606.0,"Queretaro, R1",ME22R1
1137,3571.0,"Queretaro, R2",ME22R2
1138,1716.0,"Queretaro, R3",ME22R3
1139,1650.0,"Queretaro, R4",ME22R4
1140,1115.0,"Queretaro, R5",ME22R5
1141,42535.0,Quintana Roo,ME23
1142,3298.0,"Quintana Roo, R1",ME23R1
1143,6336.0,"Quintana Roo, R2",ME23R2
1144,18318.0,"Quintana Roo, R3",ME23R3
1145,14583.0,"Quintana Roo, R4",ME23R4
1146,61165.0,San Luis Potosi,ME24
1147,10458.0,"San Luis Potosi, R1",ME24R1
1148,13382.0,"San Luis Potosi, R2",ME24R2
1149,8898.0,"San Luis Potosi, R3",ME24R3
1150,28427.0,"San Luis Potosi, R4",ME24R4
1151,57331.0,Sinaloa,ME25
1152,11406.0,"Sinaloa, R1",ME25R1
1153,9232.0,"Sinaloa, R2",ME25R2
1154,10119.0,"Sinaloa, R3",ME25R3
1155,12602.0,"Sinaloa, R4",ME25R4
1156,13972.0,"Sinaloa, R5",ME25R5
1157,179516.0,Sonora,ME26
1158,29467.0,"Sonora, R1",ME26R1
1159,9957.0,"Sonora, R10",ME26R10
1160,12604.0,"Sonora, R11",ME26R11
1161,13708.0,"Sonora, R12",ME26R12
1162,18607.0,"Sonora, R2",ME26R2
1163,13633.0,"Sonora, R3",ME26R3
1164,13092.0,"Sonora, R4",ME26R4
1165,15557.0,"Sonora, R5",ME26R5
1166,15886.0,"Sonora, R6",ME26R6
1167,15688.0,"Sonora, R7",ME26R7
1168,11795.0,"Sonora, R8",ME26R8
1169,9522.0,"Sonora, R9",ME26R9
1170,24747.0,Tabasco,ME27
1171,1709.0,"Tabasco, R1",ME27R1
1172,8461.0,"Tabasco, R2",ME27R2
1173,10372.0,"Tabasco, R3",ME27R3
1174,4205.0,"Tabasco, R4",ME27R4
1175,80148.0,Tamaulipas,ME28
1176,16844.0,"Tamaulipas, R1",ME28R1
1177,13750.0,"Tamaulipas, R2",ME28R2
1178,24059.0,"Tamaulipas, R3",ME28R3
1179,25495.0,"Tamaulipas, R4",ME28R4
1180,3997.0,Tlaxcala,ME29
1181,197.0,"Tlaxcala, R1",ME29R1
1182,159.0,"Tlaxcala, R2",ME29R2
1183,101.0,"Tlaxcala, R3",ME29R3
1184,147.0,"Tlaxcala, R4",ME29R4
1185,269.0,"Tlaxcala, R5",ME29R5
1186,811.0,"Tlaxcala, R6",ME29R6
1187,1051.0,"Tlaxcala, R7",ME29R7
1188,234.0,"Tlaxcala, R8",ME29R8
1189,1028.0,"Tlaxcala, R9",ME29R9
1190,71856.0,Veracruz,ME30
1191,15027.0,"Veracruz, R1",ME30R1
1192,8428.0,"Veracruz, R2",ME30R2
1193,9464.0,"Veracruz, R3",ME30R3
1194,3338.0,"Veracruz, R4",ME30R4
1195,6062.0,"Veracruz, R5",ME30R5
1196,11330.0,"Veracruz, R6",ME30R6
1197,18207.0,"Veracruz, R7",ME30R7
1198,39671.0,Yucatan,ME31
1199,7750.0,"Yucatan, R1",ME31R1
1200,7178.0,"Yucatan, R2",ME31R2
1201,2947.0,"Yucatan, R3",ME31R3
1202,2581.0,"Yucatan, R4",ME31R4
1203,2611.0,"Yucatan, R5",ME31R5
1204,3873.0,"Yucatan, R6",ME31R6
1205,3526.0,"Yucatan, R7",ME31R7
1206,9205.0,"Yucatan, R8",ME31R8
1207,75416.0,Zacatecas,ME32
1208,17775.0,"Zacatecas, R1",ME32R1
1209,9062.0,"Zacatecas, R2",ME32R2
1210,7161.0,"Zacatecas, R3",ME32R3
1211,5547.0,"Zacatecas, R4",ME32R4
1212,3676.0,"Zacatecas, R5",ME32R5
1213,6253.0,"Zacatecas, R6",ME32R6
1214,17393.0,"Zacatecas, R7",ME32R7
1215,4310.0,"Zacatecas, R8",ME32R8
1216,4239.0,"Zacatecas, R9",ME32R9
1217,33718.2,Netherlands,NLD
1218,2325.4,Groningen,NL11
1219,3339.9,Friesland,NL12
1220,2638.9,Drenthe,NL13
1221,3324.5,Overijssel,NL21
1222,4969.5,Gelderland,NL22
1223,1415.4,Flevoland,NL23
1224,1383.2,Utrecht,NL31
1225,2665.4,North Holland,NL32
1226,2808.2,South Holland,NL33
1227,1784.1,Zeeland,NL34
1228,4913.9,North Brabant,NL41
1229,2149.7,Limburg (NL),NL42
1230,264944.0,New Zealand,NZL
1231,11839.6,Northland Region,NZ011
1232,4475.5,Auckland Region,NZ012
1233,24195.2,Waikato Region,NZ013
1234,12107.8,Bay of Plenty Region,NZ014
1235,8335.3,Gisborne Region,NZ015
1236,14051.3,Hawke's Bay Region,NZ016
1237,7069.1,Taranaki Region,NZ017
1238,22166.7,Manawatu-Wanganui Region,NZ018
1239,7983.6,Wellington Region,NZ019
1240,20051.7,Tasman-Nelson-Marlborough,NZ021
1241,23238.4,West Coast Region,NZ022
1242,45039.4,Canterbury Region,NZ023
1243,31710.1,Otago Region,NZ024
1244,31093.3,Southland Region,NZ025
1245,304246.0,Norway,NOR
1246,5005.2,Oslo and Akershus,NO01
1247,426.3,Oslo,NO011
1248,4578.9,Akershus,NO012
1249,49871.0,Hedmark and Oppland,NO02
1250,26086.5,Hedmark,NO021
1251,23784.5,Oppland,NO022
1252,33686.3,South-Eastern Norway,NO03
1253,3888.5,Østfold,NO031
1254,13796.6,Buskerud,NO032
1255,2148.2,Vestfold,NO033
1256,13853.0,Telemark,NO034
1257,23582.3,Agder and Rogaland,NO04
1258,8314.6,Aust-Agder,NO041
1259,6678.6,Vest-Agder,NO042
1260,8589.1,Rogaland,NO043
1261,46767.2,Western Norway,NO05
1262,14523.1,Hordaland,NO051
1263,17674.0,Sogn og Fjordane,NO052
1264,14570.2,Møre og Romsdal,NO053
1265,38611.9,Trøndelag,NO06
1266,17832.7,Sør-Trøndelag,NO061
1267,20779.2,Nord-Trøndelag,NO062
1268,106722.0,Northern Norway,NO07
1269,36090.8,Nordland,NO071
1270,24869.4,Troms,NO072
1271,45761.9,Finnmark,NO073
1272,312679.0,Poland,POL
1273,18219.0,Lodzkie,PL11
1274,293.0,City of Lódz,PL113
1275,2206.0,Lódzki,PL114
1276,5972.0,Piotrkowski,PL115
1277,5666.0,Sieradzki,PL116
1278,4082.0,Skierniewicki,PL117
1279,35558.0,Mazovia,PL12
1280,7780.0,Ciechanowsko-Plocki,PL121
1281,12090.0,Ostrolecko-Siedlecki,PL122
1282,517.0,City of Warsaw,PL127
1283,5763.0,Radomski,PL128
1284,5104.0,Warsaw-East,PL129
1285,4304.0,Warsaw-West,PL12A
1286,15183.0,Lesser Poland,PL21
1287,327.0,City of Krakow,PL213
1288,4055.0,Krakowski,PL214
1289,5470.0,Nowosadecki,PL215
1290,2726.0,Oswiecimski,PL216
1291,2605.0,Tarnowski,PL217
1292,12333.0,Silesia,PL22
1293,3049.0,Czestochowski,PL224
1294,2354.0,Bielski,PL225
1295,1353.0,Rybnicki,PL227
1296,1575.0,Bytomski,PL228
1297,878.0,Gliwicki,PL229
1298,380.0,Katowicki,PL22A
1299,1800.0,Sosnowiecki,PL22B
1300,944.0,Tyski,PL22C
1301,25122.0,Lublin Province,PL31
1302,5977.0,Bialski,PL311
1303,9291.0,Chelmsko-Zamojski,PL312
1304,4221.0,Lubelski,PL314
1305,5633.0,Pulawski,PL315
1306,17846.0,Podkarpacia,PL32
1307,5538.0,Krosnienski,PL323
1308,4292.0,Przemyski,PL324
1309,3552.0,Rzeszowski,PL325
1310,4464.0,Tarnobrzeski,PL326
1311,11711.0,Swietokrzyskie,PL33
1312,5031.0,Kielecki,PL331
1313,6680.0,Sandomiersko-Jedrzejowski,PL332
1314,20187.0,Podlasie,PL34
1315,5132.0,Bialostocki,PL343
1316,8818.0,Lomzynski,PL344
1317,6237.0,Suwalski,PL345
1318,29826.0,Greater Poland,PL41
1319,6459.0,Pilski,PL411
1320,6397.0,Koninski,PL414
1321,262.0,City of Poznan,PL415
1322,5784.0,Kaliski,PL416
1323,5996.0,Leszczynski,PL417
1324,4928.0,Poznanski,PL418
1325,22892.0,West Pomerania,PL42
1326,10402.0,Koszalinski,PL422
1327,6838.0,Stargardzki,PL423
1328,301.0,City of Szczecin,PL424
1329,5351.0,Szczecinski,PL425
1330,13988.0,Lubusz,PL43
1331,6113.0,Gorzowski,PL431
1332,7875.0,Zielonogórski,PL432
1333,19947.0,Lower Silesia,PL51
1334,293.0,City of Wroclaw,PL514
1335,5571.0,Jeleniogórski,PL515
1336,3472.0,Legnicko-Glogowski,PL516
1337,4179.0,Walbrzyski,PL517
1338,6432.0,Wroclawski,PL518
1339,9412.0,Opole region,PL52
1340,4272.0,Nyski,PL521
1341,5140.0,Opolski,PL522
1342,17972.0,Kuyavian-Pomerania,PL61
1343,2917.0,Bydgosko-Torunski,PL613
1344,6808.0,Grudziadzki,PL614
1345,8247.0,Wloclawski,PL615
1346,24173.0,Warmian-Masuria,PL62
1347,7497.0,Elblaski,PL621
1348,10329.0,Olsztynski,PL622
1349,6347.0,Elcki,PL623
1350,18310.0,Pomerania,PL63
1351,8184.0,Slupski,PL631
1352,414.0,Trojmiejski,PL633
1353,4444.0,Gdanski,PL634
1354,5268.0,Starogardzki,PL635
1355,92226.0,Portugal,PRT
1356,21286.0,North (PT),PT11
1357,2219.0,Alto Minho,PT111
1358,1246.0,Cávado,PT112
1359,1451.0,Ave,PT119
1360,2041.0,Metropolitan area of Porto,PT11A
1361,2922.0,Alto Tâmega,PT11B
1362,1832.0,Tâmega e Sousa,PT11C
1363,4032.0,Douro,PT11D
1364,5544.0,Terras de Trás-os-Montes,PT11E
1365,4997.0,Algarve,PT15
1366,4997.0,Algarve,PT150
1367,28199.0,Central Portugal,PT16
1368,2220.0,Oeste,PT16B
1369,1693.0,Região de Aveiro,PT16D
1370,4336.0,Região de Coimbra,PT16E
1371,2449.0,Região de Leiria,PT16F
1372,3238.0,Viseu Dão Lafões,PT16G
1373,4615.0,Beira Baixa,PT16H
1374,3344.0,Médio Tejo,PT16I
1375,6305.0,Beiras e Serra da Estrela,PT16J
1376,3015.0,Lisbon,PT17
1377,3015.0,Metropolitan area of Lisbon,PT170
1378,31605.0,Alentejo,PT18
1379,5309.0,Alentejo Litoral,PT181
1380,8543.0,Baixo Alentejo,PT184
1381,4275.0,Lezíria do Tejo,PT185
1382,6084.0,Alto Alentejo,PT186
1383,7393.0,Alentejo Central,PT187
1384,2322.0,Azores (PT),PT20
1385,802.0,Madeira (PT),PT30
1386,49036.0,Slovak Republic,SVK
1387,2053.0,Bratislava Region,SK01
1388,2053.0,Bratislava Region,SK010
1389,14992.0,West Slovakia,SK02
1390,4146.0,Trnava Region,SK021
1391,4502.0,Trencín Region,SK022
1392,6344.0,Nitra Region,SK023
1393,16263.0,Central Slovakia,SK03
1394,6809.0,Žilina Region,SK031
1395,9454.0,Banská Bystrica Region,SK032
1396,15728.0,East Slovakia,SK04
1397,8973.0,Prešov Region,SK041
1398,6755.0,Košice Region,SK042
1399,20138.0,Slovenia,SVN
1400,12114.6,Eastern Slovenia,SI01
1401,1327.6,Mura,SI011
1402,2144.1,Drava,SI012
1403,1032.9,Carinthia,SI013
1404,2370.8,Savinja,SI014
1405,262.8,Central Sava,SI015
1406,877.6,Lower Sava,SI016
1407,2665.5,Southeast Slovenia,SI017
1408,1433.3,Inner-Karst,SI018
1409,8023.4,Western Slovenia,SI02
1410,2546.6,Central Slovenia,SI021
1411,2124.0,Upper Carniola,SI022
1412,2316.2,Goriska,SI023
1413,1036.6,Coastal-Karst,SI024
1414,501757.0,Spain,ESP
1415,29346.6,Galicia,ES11
1416,7879.7,La Corunna,ES111
1417,9814.6,Lugo,ES112
1418,7191.4,Orense,ES113
1419,4461.0,Pontevedra,ES114
1420,10576.3,Asturias,ES12
1421,10576.3,Asturias,ES120
1422,5261.1,Cantabria,ES13
1423,5261.1,Cantabria,ES130
1424,7199.0,Basque Country,ES21
1425,3010.8,Álava,ES211
1426,1975.5,Guipuscoa,ES212
1427,2212.7,Biscay,ES213
1428,10350.5,Navarra,ES22
1429,10350.5,Navarre,ES220
1430,5030.4,La Rioja,ES23
1431,5030.4,La Rioja (ES),ES230
1432,47453.7,Aragon,ES24
1433,15550.0,Huesca,ES241
1434,14788.7,Teruel,ES242
1435,17114.9,Saragossa,ES243
1436,7961.0,Madrid,ES30
1437,7961.0,Madrid,ES300
1438,93691.7,Castile and León,ES41
1439,8026.5,Ávila,ES411
1440,14258.3,Burgos,ES412
1441,15511.0,León,ES413
1442,8007.7,Palencia,ES414
1443,12232.5,Salamanca,ES415
1444,6912.3,Segovia,ES416
1445,10281.2,Soria,ES417
1446,8066.1,Valladolid,ES418
1447,10396.2,Zamora,ES419
1448,78866.6,Castile-La Mancha,ES42
1449,14883.7,Albacete,ES421
1450,19646.1,Ciudad Real,ES422
1451,16977.1,Cuenca,ES423
1452,12094.4,Guadalajara,ES424
1453,15265.3,Toledo,ES425
1454,40701.9,Extremadura,ES43
1455,21272.2,Badajoz,ES431
1456,19429.7,Cáceres,ES432
1457,31987.6,Catalonia,ES51
1458,7716.9,Barcelona,ES511
1459,5898.4,Gerona,ES512
1460,12122.4,Lérida,ES513
1461,6249.8,Tarragona,ES514
1462,23049.4,Valencia,ES52
1463,5737.8,Alicante,ES521
1464,6618.6,Castellón,ES522
1465,10693.0,Valencia,ES523
1466,4991.7,Balearic Islands,ES53
1467,655.8,Eivissa Y Formentera,ES531
1468,3640.2,Mallorca,ES532
1469,695.7,Menorca,ES533
1470,86519.6,Andalusia,ES61
1471,8760.8,Almería,ES611
1472,7189.9,Cádiz,ES612
1473,13669.1,Cordoba (ES),ES613
1474,12598.8,Granada,ES614
1475,9823.8,Huelva,ES615
1476,13364.6,Jaén,ES616
1477,7261.3,Málaga,ES617
1478,13851.2,Seville,ES618
1479,11290.3,Murcia,ES62
1480,11290.3,Murcia,ES620
1481,19.3,Ceuta,ES63
1482,19.3,Ceuta (ES),ES630
1483,13.4,Melilla,ES64
1484,13.4,Melilla (ES),ES640
1485,7447.0,Canary Islands,ES70
1486,268.7,El Hierro,ES703
1487,1659.7,Fuerteventura,ES704
1488,1560.1,Gran Canaria,ES705
1489,369.8,La Gomera,ES706
1490,708.3,La Palma,ES707
1491,845.9,Lanzarote,ES708
1492,2034.4,Tenerife,ES709
1493,407340.0,Sweden,SWE
1494,6526.2,Stockholm,SE11
1495,6526.2,Stockholm County,SE110
1496,38434.8,East Middle Sweden,SE12
1497,8192.1,Uppsala County,SE121
1498,6076.1,Södermanland County,SE122
1499,10544.6,Östergötland County,SE123
1500,8503.9,Örebro County,SE124
1501,5118.2,Västmanland County,SE125
1502,33162.2,Småland with Islands,SE21
1503,10437.7,Jönköping County,SE211
1504,8425.0,Kronoberg County,SE212
1505,11165.5,Kalmar County,SE213
1506,3134.1,Gotland County,SE214
1507,13900.1,South Sweden,SE22
1508,2931.3,Blekinge County,SE221
1509,10968.8,Skåne County,SE224
1510,29224.7,West Sweden,SE23
1511,5427.4,Halland County,SE231
1512,23797.3,Västra Götaland County,SE232
1513,63666.1,North Middle Sweden,SE31
1514,17517.2,Värmlands County,SE311
1515,28029.6,Dalarna County,SE312
1516,18119.3,Gävleborg County,SE313
1517,70496.5,Central Norrland,SE32
1518,21551.7,Västernorrland County,SE321
1519,48944.8,Jämtland County,SE322
1520,151929.0,Upper Norrland,SE33
1521,54672.1,Västerbottens County,SE331
1522,97256.9,Norrbottens County,SE332
1523,39995.8,Switzerland,CHE
1524,8282.1,Lake Geneva Region,CH01
1525,2822.7,Vaud,CH011
1526,5213.6,Valais,CH012
1527,245.8,Genève,CH013
1528,9781.0,Espace Mittelland,CH02
1529,5841.2,Bern,CH021
1530,1593.8,Fribourg (CH),CH022
1531,790.5,Solothurn,CH023
1532,716.9,Neuchâtel,CH024
1533,838.6,Jura (CH),CH025
1534,1949.6,Northwestern Switzerland,CH03
1535,37.0,Basel-Stadt,CH031
1536,517.6,Basel-Landschaft,CH032
1537,1395.1,Aargau,CH033
1538,1661.0,Zurich,CH04
1539,1661.0,Zürich,CH040
1540,11313.3,Eastern Switzerland,CH05
1541,680.7,Glarus,CH051
1542,298.2,Schaffhausen,CH052
1543,242.9,Appenzell Ausserrhoden,CH053
1544,172.5,Appenzell Innerrhoden,CH054
1545,1950.8,St. Gallen,CH055
1546,7105.4,Graubünden,CH056
1547,862.9,Thurgau,CH057
1548,4267.3,Central Switzerland,CH06
1549,1429.1,Lucerne,CH061
1550,1057.3,Uri,CH062
1551,851.5,Schwyz,CH063
1552,480.7,Obwalden,CH064
1553,241.5,Nidwalden,CH065
1554,207.1,Zug,CH066
1555,2741.5,Ticino,CH07
1556,2741.5,Ticino,CH070
1557,769604.0,Turkey,TUR
1558,5196.1,Istanbul,TR10
1559,5196.1,Istanbul,TR100
1560,18664.9,Thrace,TR21
1561,6312.8,Tekirdag,TR211
1562,6074.5,Edirne,TR212
1563,6277.7,Kirklareli,TR213
1564,24232.3,Southern Marmara - West,TR22
1565,14299.1,Balikesir,TR221
1566,9933.2,Çanakkale,TR222
1567,12012.0,Izmir,TR31
1568,12012.0,Izmir,TR310
1569,32394.4,Southern Aegean,TR32
1570,7851.5,Aydin,TR321
1571,11691.9,Denizli,TR322
1572,12851.0,Mugla,TR323
1573,44728.2,Northern Aegean,TR33
1574,13096.3,Manisa,TR331
1575,14313.9,Afyon,TR332
1576,11977.5,Kütahya,TR333
1577,5340.6,Usak,TR334
1578,28565.5,Eastern Marmara - South,TR41
1579,10421.9,Bursa,TR411
1580,13841.8,Eskisehir,TR412
1581,4301.9,Bilecik,TR413
1582,20184.4,Eastern Marmara - North,TR42
1583,3612.0,Kocaeli,TR421
1584,4838.4,Sakarya,TR422
1585,2566.8,Düzce,TR423
1586,8319.8,Bolu,TR424
1587,847.5,Yalova,TR425
1588,24520.5,Ankara,TR51
1589,24520.5,Ankara,TR510
1590,47717.4,Central Anatolia - West and South,TR52
1591,38872.6,Konya,TR521
1592,8844.8,Karaman,TR522
1593,35839.5,Mediterranean region - West,TR61
1594,20723.3,Antalya,TR611
1595,8276.2,Isparta,TR612
1596,6839.9,Burdur,TR613
1597,29399.5,Mediterranean region - Middle,TR62
1598,13914.8,Adana,TR621
1599,15484.7,Mersin,TR622
1600,23297.5,Mediterranean region - East,TR63
1601,5828.0,Hatay,TR631
1602,14345.9,Kahramanmaras,TR632
1603,3123.6,Osmaniye,TR633
1604,31187.1,Central Anatolia - Middle,TR71
1605,4533.5,Kirikkale,TR711
1606,7570.4,Aksaray,TR712
1607,7352.2,Nigde,TR713
1608,5379.3,Nevsehir,TR714
1609,6351.6,Kirsehir,TR715
1610,59664.2,Central Anatolia - East,TR72
1611,17042.6,Kayseri,TR721
1612,28549.1,Sivas,TR722
1613,14072.5,Yozgat,TR723
1614,9493.0,Western Black Sea - West,TR81
1615,3303.9,Zonguldak,TR811
1616,4108.8,Karabük,TR812
1617,2080.4,Bartin,TR813
1618,26434.8,Western Black Sea - Middle and East,TR82
1619,13152.8,Kastamonu,TR821
1620,7490.1,Çankiri,TR822
1621,5791.9,Sinop,TR823
1622,37523.6,Middle Black Sea,TR83
1623,9083.4,Samsun,TR831
1624,9957.6,Tokat,TR832
1625,12792.4,Çorum,TR833
1626,5690.2,Amasya,TR834
1627,35174.0,Eastern Black Sea,TR90
1628,4664.0,Trabzon,TR901
1629,5952.2,Ordu,TR902
1630,6831.6,Giresun,TR903
1631,3922.0,Rize,TR904
1632,7367.1,Artvin,TR905
1633,6437.0,Gümüshane,TR906
1634,40681.1,Northeastern Anatolia - West,TRA1
1635,25322.6,Erzurum,TRA11
1636,11619.4,Erzincan,TRA12
1637,3739.1,Bayburt,TRA13
1638,30026.3,Northeastern Anatolia - East,TRA2
1639,11470.2,Agri,TRA21
1640,10126.7,Kars,TRA22
1641,3587.8,Igdir,TRA23
1642,4841.6,Ardahan,TRA24
1643,35916.6,Eastern Anatolia - West,TRB1
1644,11776.5,Malatya,TRB11
1645,8454.6,Elazig,TRB12
1646,8253.5,Bingöl,TRB13
1647,7432.0,Tunceli,TRB14
1648,41557.9,Eastern Anatolia - East,TRB2
1649,19299.1,Van,TRB21
1650,8059.0,Mus,TRB22
1651,7021.0,Bitlis,TRB23
1652,7178.9,Hakkari,TRB24
1653,15280.3,Southeastern Anatolia - West,TRC1
1654,6819.3,Gaziantep,TRC11
1655,7033.2,Adiyaman,TRC12
1656,1427.8,Kilis,TRC13
1657,33822.5,Southeastern Anatolia - Middle,TRC2
1658,18764.6,Sanliurfa,TRC21
1659,15057.9,Diyarbakir,TRC22
1660,26090.1,Southeastern Anatolia - East,TRC3
1661,8806.0,Mardin,TRC31
1662,4659.2,Batman,TRC32
1663,7151.6,Sirnak,TRC33
1664,5473.3,Siirt,TRC34
1665,242509.0,United Kingdom,GBR
1666,8573.1,North East England,UKC
1667,297.8,Hartlepool and Stockton-on-Tees,UKC11
1668,298.8,South Teesside,UKC12
1669,197.5,Darlington,UKC13
1670,2226.0,Durham CC,UKC14
1671,5013.0,Northumberland,UKC21
1672,402.6,Tyneside,UKC22
1673,137.5,Sunderland,UKC23
1674,14105.3,North West England,UKD
1675,2051.3,West Cumbria,UKD11
1676,4715.3,East Cumbria,UKD12
1677,548.1,Greater Manchester South,UKD31
1678,727.9,Greater Manchester North,UKD32
1679,137.0,Blackburn with Darwen,UKD41
1680,34.9,Blackpool,UKD42
1681,2903.2,Lancashire CC,UKD43
1682,180.7,Warrington,UKD61
1683,1166.4,Cheshire East,UKD62
1684,916.7,Cheshire West and Chester,UKD63
1685,302.0,East Merseyside,UKD71
1686,111.8,Liverpool,UKD72
1687,153.1,Sefton,UKD73
1688,157.1,Wirral,UKD74
1689,15407.7,Yorkshire and The Humber,UKE
1690,71.5,City Of Kingston Upon Hull,UKE11
1691,2407.7,East Riding of Yorkshire,UKE12
1692,1038.2,North and North East Lincolnshire,UKE13
1693,271.9,York,UKE21
1694,8037.6,North Yorkshire CC,UKE22
1695,1183.6,Barnsley Doncaster And Rotherham,UKE31
1696,367.9,Sheffield,UKE32
1697,366.4,Bradford,UKE41
1698,551.7,Leeds,UKE42
1699,772.5,Calderdale and Kirklees,UKE44
1700,338.6,Wakefield,UKE45
1701,15606.5,East Midlands,UKF
1702,78.0,Derby,UKF11
1703,502.0,East Derbyshire,UKF12
1704,2044.8,South and West Derbyshire,UKF13
1705,74.6,Nottingham,UKF14
1706,1475.4,North Nottinghamshire,UKF15
1707,609.3,South Nottinghamshire,UKF16
1708,73.3,Leicester City,UKF21
1709,2464.4,Leicestershire CC and Rutland,UKF22
1710,1377.4,West Northamptonshire,UKF24
1711,986.6,North Northamptonshire,UKF25
1712,5920.6,Lincolnshire,UKF30
1713,12998.3,West Midlands,UKG
1714,2179.7,Herefordshire,UKG11
1715,1740.5,Worcestershire,UKG12
1716,1975.1,Warwickshire,UKG13
1717,290.3,Telford and Wrekin,UKG21
1718,3197.3,Shropshire CC,UKG22
1719,93.5,Stoke-on-Trent,UKG23
1720,2620.3,Staffordshire CC,UKG24
1721,267.8,Birmingham,UKG31
1722,178.3,Solihull,UKG32
1723,98.7,Coventry,UKG33
1724,98.0,Dudley,UKG36
1725,85.6,Sandwell,UKG37
1726,104.0,Walsall,UKG38
1727,69.4,Wolverhampton,UKG39
1728,19108.7,East of England,UKH
1729,343.4,Peterborough,UKH11
1730,3046.2,Cambridgeshire CC,UKH12
1731,5370.6,Norfolk,UKH13
1732,3800.4,Suffolk,UKH14
1733,43.4,Luton,UKH21
1734,1643.1,Hertfordshire,UKH23
1735,476.4,Bedford,UKH24
1736,715.7,Central Bedfordshire,UKH25
1737,41.8,Southend-on-Sea,UKH31
1738,163.4,Thurrock,UKH32
1739,3464.4,Essex CC,UKH33
1740,1572.1,Greater London,UKI
1741,109.0,Inner London - West,UKI11
1742,210.3,Inner London - East,UKI12
1743,432.4,Outer London - East and North East,UKI21
1744,355.4,Outer London - South,UKI22
1745,465.1,Outer London - West and North West,UKI23
1746,19069.9,South East England,UKJ
1747,1262.0,Berkshire,UKJ11
1748,308.6,Milton Keynes,UKJ12
1749,1564.9,Buckinghamshire CC,UKJ13
1750,2604.9,Oxfordshire,UKJ14
1751,82.7,Brighton and Hove,UKJ21
1752,1708.6,East Sussex CC,UKJ22
1753,1662.5,Surrey,UKJ23
1754,1990.5,West Sussex,UKJ24
1755,40.4,Portsmouth,UKJ31
1756,49.9,Southampton,UKJ32
1757,3678.9,Hampshire CC,UKJ33
1758,380.2,Isle of Wight,UKJ34
1759,192.0,Medway,UKJ41
1760,3543.8,Kent CC,UKJ42
1761,23837.5,South West England,UKK
1762,109.6,City of Bristol,UKK11
1763,1216.5,"Bath and North East Somerset, North Somerset and South Gloucestershire",UKK12
1764,2653.3,Gloucestershire,UKK13
1765,230.1,Swindon,UKK14
1766,3255.3,Wiltshire CC,UKK15
1767,110.9,Bournemouth and Poole,UKK21
1768,2541.7,Dorset CC,UKK22
1769,3450.6,Somerset,UKK23
1770,3562.6,Cornwall and Isles of Scilly,UKK30
1771,79.8,Plymouth,UKK41
1772,62.9,Torbay,UKK42
1773,6564.2,Devon CC,UKK43
1774,20735.2,Wales,UKL
1775,711.3,Isle of Anglesey,UKL11
1776,2534.9,Gwynedd,UKL12
1777,1962.6,Conwy and Denbighshire,UKL13
1778,5774.6,South West Wales,UKL14
1779,535.6,Central Valleys,UKL15
1780,511.8,Gwent Valleys,UKL16
1781,692.1,Bridgend and Neath Port Talbot,UKL17
1782,379.7,Swansea,UKL18
1783,1039.7,Monmouthshire and Newport,UKL21
1784,471.3,Cardiff and Vale of Glamorgan,UKL22
1785,941.3,Flintshire and Wrexham,UKL23
1786,5180.4,Powys,UKL24
1787,77932.9,Scotland,UKM
1788,2241.6,Angus and Dundee City,UKM21
1789,1483.7,Clackmannanshire and Fife,UKM22
1790,1032.9,East Lothian and Midlothian,UKM23
1791,4731.7,Scottish Borders,UKM24
1792,263.3,Edinburgh City Of,UKM25
1793,297.4,Falkirk,UKM26
1794,7472.5,Perth & Kinross and Stirling,UKM27
1795,427.7,West Lothian,UKM28
1796,686.6,"East Dunbartonshire, West Dunbartonshire and Helensburgh & Lomond",UKM31
1797,6426.0,Dumfries & Galloway,UKM32
1798,1712.1,East Ayrshire and North Ayrshire mainland,UKM33
1799,174.7,Glasgow City,UKM34
1800,596.2,"Inverclyde, East Renfrewshire and Renfrewshire",UKM35
1801,469.9,North Lanarkshire,UKM36
1802,1222.0,South Ayrshire,UKM37
1803,1771.9,South Lanarkshire,UKM38
1804,6498.3,Aberdeen City and Aberdeenshire,UKM50
1805,12846.2,Caithness & Sutherland and Ross & Cromarty,UKM61
1806,7827.3,"Inverness & Nairn and Moray, Badenoch & Strathspey",UKM62
1807,14238.2,"Lochaber, Skye & Lochalsh, Arran & Cumbrae and Argyll & Bute",UKM63
1808,3056.2,Eilean Siar (Western Isles),UKM64
1809,989.8,Orkney Islands,UKM65
1810,1466.6,Shetland Islands,UKM66
1811,13562.2,Northern Ireland,UKN
1812,109.4,Belfast,UKN01
1813,838.8,Outer Belfast,UKN02
1814,3137.0,East of Northern Ireland (UK),UKN03
1815,3217.4,North of Northern Ireland (UK),UKN04
1816,6259.6,West and South of Northern Ireland (UK),UKN05
1817,9161920.0,United States,USA
1818,131426.0,Alabama,US01
1819,1481350.0,Alaska,US02
1820,294312.0,Arizona,US04
1821,134856.0,Arkansas,US05
1822,403933.0,California,US06
1823,268627.0,Colorado,US08
1824,12548.0,Connecticut,US09
1825,5059.7,Delaware,US10
1826,159.0,District of Columbia,US11
1827,139670.0,Florida,US12
1828,149976.0,Georgia,US13
1829,16634.5,Hawaii,US15
1830,214314.0,Idaho,US16
1831,143961.0,Illinois,US17
1832,92894.8,Indiana,US18
1833,144701.0,Iowa,US19
1834,211900.0,Kansas,US20
1835,102896.0,Kentucky,US21
1836,112825.0,Louisiana,US22
1837,79931.0,Maine,US23
1838,25314.1,Maryland,US24
1839,20305.6,Massachusetts,US25
1840,147121.0,Michigan,US26
1841,206189.0,Minnesota,US27
1842,121489.0,Mississippi,US28
1843,178414.0,Missouri,US29
1844,376979.0,Montana (US),US30
1845,199099.0,Nebraska,US31
1846,284448.0,Nevada,US32
1847,23227.3,New Hampshire,US33
1848,19210.8,New Jersey,US34
1849,314309.0,New Mexico,US35
1850,122283.0,New York,US36
1851,126161.0,North Carolina,US37
1852,178647.0,North Dakota,US38
1853,106056.0,Ohio,US39
1854,177847.0,Oklahoma,US40
1855,248631.0,Oregon,US41
1856,116075.0,Pennsylvania,US42
1857,2706.4,Rhode Island,US44
1858,77983.2,South Carolina,US45
1859,196540.0,South Dakota,US46
1860,106752.0,Tennessee,US47
1861,678051.0,Texas,US48
1862,212751.0,Utah,US49
1863,23956.3,Vermont,US50
1864,102548.0,Virginia,US51
1865,172348.0,Washington,US53
1866,62361.0,West Virginia,US54
1867,140663.0,Wisconsin,US55
1868,251489.0,Wyoming,US56
1869,45660.5,"Aberdeen, SD",US001
1870,28121.7,"Abilene, TX",US002
1871,26518.9,"Albany, GA",US003
1872,25989.4,"Albany-Schenectady-Amsterdam, NY",US004
1873,53025.9,"Albuquerque, NM",US005
1874,15586.8,"Alpena, MI",US006
1875,94286.5,"Amarillo, TX",US007
1876,1481350.0,"Anchorage, AK",US008
1877,16519.9,"Appleton-Oshkosh-Neenah, WI",US009
1878,14930.6,"Asheville-Brevard, NC",US010
1879,68276.1,"Atlanta-Sandy Springs-Gainesville, GA-AL",US011
1880,13995.9,"Augusta-Richmond County, GA-SC",US012
1881,24458.1,"Austin-Round Rock, TX",US013
1882,47111.0,"Bangor, ME",US014
1883,13067.3,"Baton Rouge-Pierre Part, LA",US015
1884,12813.4,"Beaumont-Port Arthur, TX",US016
1885,67465.0,"Bend-Prineville, OR",US017
1886,214053.0,"Billings, MT",US018
1887,36449.7,"Birmingham-Hoover-Cullman, AL",US019
1888,71172.4,"Bismarck, ND",US020
1889,81995.5,"Boise City-Nampa, ID",US021
1890,49516.0,"Boston-Worcester-Manchester, MA-NH",US022
1891,18212.8,"Buffalo-Niagara-Cattaraugus, NY",US023
1892,11725.8,"Burlington-South Burlington, VT",US024
1893,18249.4,"Cape Girardeau-Jackson, MO-IL",US025
1894,193702.0,"Casper, WY",US026
1895,14965.2,"Cedar Rapids, IA",US027
1896,21807.6,"Champaign-Urbana, IL",US028
1897,42023.0,"Charleston, WV",US029
1898,9446.5,"Charleston-North Charleston, SC",US030
1899,25682.3,"Charlotte-Gastonia-Salisbury, NC-SC",US031
1900,41693.8,"Chicago-Naperville-Michigan City, IL-IN-WI",US032
1901,20829.8,"Cincinnati-Middletown-Wilmington, OH-KY-IN",US033
1902,8562.8,"Clarksburg, WV + Morgantown, WV",US034
1903,28073.3,"Cleveland-Akron-Elyria, OH",US035
1904,29742.5,"Colorado Springs, CO",US036
1905,22439.6,"Columbia, MO",US037
1906,19462.0,"Columbia-Newberry, SC",US038
1907,9905.4,"Columbus-Auburn-Opelika, GA-AL",US039
1908,36424.3,"Columbus-Marion-Chillicothe, OH",US040
1909,44021.8,"Corpus Christi-Kingsville, TX",US041
1910,122263.0,"Dallas-Fort Worth, TX",US042
1911,9450.0,"Davenport-Moline-Rock Island, IA-IL",US043
1912,14785.7,"Dayton-Springfield-Greenville, OH",US044
1913,189734.0,"Denver-Aurora-Boulder, CO",US045
1914,62220.8,"Des Moines-Newton-Pella, IA",US046
1915,48889.3,"Detroit-Warren-Flint, MI",US047
1916,13024.4,"Dothan-Enterprise-Ozark, AL",US048
1917,8721.9,"Dover, DE",US049
1918,45873.3,"Duluth, MN-WI",US050
1919,92650.1,"El Paso, TX",US051
1920,11405.6,"Erie, PA",US052
1921,40444.9,"Eugene-Springfield, OR",US053
1922,22631.4,"Evansville, IN-KY",US054
1923,44481.3,"Fargo-Wahpeton, ND-MN",US055
1924,34097.4,"Farmington, NM",US056
1925,11624.8,"Fayetteville-Springdale-Rogers, AR-MO",US057
1926,58558.0,"Flagstaff, AZ",US058
1927,16386.2,"Fort Smith, AR-OK",US059
1928,13081.4,"Fort Wayne-Huntington-Auburn, IN",US060
1929,40830.3,"Fresno-Madera, CA",US061
1930,14520.7,"Gainesville, FL",US062
1931,51608.3,"Grand Forks, ND-MN",US063
1932,21796.7,"Grand Rapids-Muskegon-Holland, MI",US064
1933,75539.6,"Great Falls, MT",US065
1934,25147.8,"Greensboro--Winston-Salem--High Point, NC",US066
1935,14914.0,"Greenville, NC",US067
1936,17156.6,"Greenville-Spartanburg-Anderson, SC",US068
1937,7014.8,"Gulfport-Biloxi-Pascagoula, MS",US069
1938,22288.9,"Harrisburg-Carlisle-Lebanon, PA",US070
1939,11499.0,"Harrisonburg, VA",US071
1940,11766.0,"Hartford-West Hartford-Willimantic, CT",US072
1941,78139.0,"Helena, MT",US073
1942,16634.6,"Honolulu, HI",US074
1943,78689.3,"Houston-Baytown-Huntsville, TX",US075
1944,20919.2,"Huntsville-Decatur, AL",US076
1945,67702.1,"Idaho Falls-Blackfoot, ID",US077
1946,51127.5,"Indianapolis-Anderson-Columbus, IN",US078
1947,27388.4,"Jacksonville, FL",US079
1948,85393.9,"Jackson-Yazoo City, MS",US080
1949,19614.3,"Johnson City-Kingsport-Bristol (Tri-Cities), TN-VA",US081
1950,15179.2,"Jonesboro, AR",US082
1951,19704.4,"Joplin, MO",US083
1952,66258.9,"Kansas City-Overland Park-Kansas City, MO-KS",US084
1953,74900.1,"Kearney, NE",US085
1954,24296.8,"Kennewick-Richland-Pasco, WA",US086
1955,16629.8,"Killeen-Temple-Fort Hood, TX",US087
1956,18508.7,"Knoxville-Sevierville-La Follette, TN",US088
1957,11469.0,"La Crosse, WI-MN",US089
1958,23422.6,"Lafayette-Acadiana, LA",US090
1959,16289.4,"Lake Charles-Jennings, LA",US091
1960,160334.0,"Las Vegas-Paradise-Pahrump, NV",US092
1961,35276.4,"Lewiston, ID-WA",US093
1962,43610.7,"Lexington-Fayette--Frankfort--Richmond, KY",US094
1963,19502.3,"Lincoln, NE",US095
1964,75158.5,"Little Rock-North Little Rock-Pine Bluff, AR",US096
1965,195736.0,"Los Angeles-Long Beach-Riverside, CA",US097
1966,21761.0,"Louisville-Elizabethtown-Scottsburg, KY-IN",US098
1967,43952.4,"Lubbock-Levelland, TX",US099
1968,22155.1,"Macon-Warner Robins-Fort Valley, GA",US100
1969,35050.7,"Madison-Baraboo, WI",US101
1970,41169.0,"Marinette, WI-MI",US102
1971,14374.6,"Mason City, IA",US103
1972,11124.5,"McAllen-Edinburg-Pharr, TX",US104
1973,49092.5,"Memphis, TN-MS-AR",US105
1974,27075.5,"Miami-Fort Lauderdale-Miami Beach, FL",US106
1975,125066.0,"Midland-Odessa, TX",US107
1976,15462.1,"Milwaukee-Racine-Waukesha, WI",US108
1977,161568.0,"Minneapolis-St. Paul-St. Cloud, MN-WI",US109
1978,47590.1,"Minot, ND",US110
1979,49673.3,"Missoula, MT",US111
1980,25480.9,"Mobile-Daphne-Fairhope, AL",US112
1981,15062.9,"Monroe-Bastrop, LA",US113
1982,21957.9,"Montgomery-Alexander City, AL",US114
1983,20716.0,"Myrtle Beach-Conway-Georgetown, SC",US115
1984,58544.3,"Nashville-Davidson--Murfreesboro--Columbia, TN",US116
1985,20746.5,"New Orleans-Metairie-Bogalusa, LA",US117
1986,38552.4,"New York-Newark-Bridgeport, NY-NJ-CT-PA",US118
1987,119854.0,"Oklahoma City-Shawnee, OK",US119
1988,34576.7,"Omaha-Council Bluffs-Fremont, NE-IA",US120
1989,31974.7,"Orlando-The Villages, FL",US121
1990,9821.8,"Paducah, KY-IL",US122
1991,10006.7,"Panama City-Lynn Haven, FL",US123
1992,54247.9,"Pendleton-Hermiston, OR",US124
1993,9511.6,"Pensacola-Ferry Pass-Brent, FL",US125
1994,30332.4,"Peoria-Canton, IL",US126
1995,19612.5,"Philadelphia-Camden-Vineland, PA-NJ-DE-MD",US127
1996,183683.0,"Phoenix-Mesa-Scottsdale, AZ",US128
1997,24991.5,"Pittsburgh-New Castle, PA",US129
1998,32820.0,"Portland-Lewiston-South Portland, ME",US130
1999,55655.0,"Portland-Vancouver-Beaverton, OR-WA",US131
2000,57088.1,"Pueblo, CO",US132
2001,42989.3,"Raleigh-Durham-Cary, NC",US133
2002,93276.4,"Rapid City, SD",US134
2003,59339.9,"Redding, CA",US135
2004,199174.0,"Reno-Sparks, NV",US136
2005,30855.3,"Richmond, VA",US137
2006,18657.4,"Roanoke, VA",US138
2007,24722.6,"Rochester-Batavia-Seneca Falls, NY",US139
2008,34787.1,"Sacramento--Arden-Arcade--Truckee, CA-NV",US140
2009,59560.2,"Salina, KS",US141
2010,183046.0,"Salt Lake City-Ogden-Clearfield, UT",US142
2011,33441.0,"San Angelo, TX",US143
2012,72565.7,"San Antonio, TX",US144
2013,10877.7,"San Diego-Carlsbad-San Marcos, CA",US145
2014,88860.6,"San Jose-San Francisco-Oakland, CA",US146
2015,51172.6,"Santa Fe-Espanola, NM",US147
2016,14173.5,"Sarasota-Bradenton-Venice, FL",US148
2017,21176.3,"Savannah-Hinesville-Fort Stewart, GA",US149
2018,38875.3,"Scotts Bluff, NE",US150
2019,8543.6,"Scranton--Wilkes-Barre, PA",US151
2020,60410.1,"Seattle-Tacoma-Olympia, WA",US152
2021,21288.3,"Shreveport-Bossier City-Minden, LA",US153
2022,40178.3,"Sioux City-Vermillion, IA-NE-SD",US154
2023,71457.1,"Sioux Falls, SD",US155
2024,12848.6,"South Bend-Mishawaka, IN-MI",US156
2025,54532.2,"Spokane, WA",US157
2026,24285.3,"Springfield, IL",US158
2027,47818.8,"Springfield, MO",US159
2028,51386.0,"St. Louis-St. Charles-Farmington, MO-IL",US160
2029,22597.8,"State College, PA",US161
2030,54264.9,"Syracuse-Auburn, NY",US162
2031,19282.3,"Tallahassee, FL",US163
2032,6614.8,"Tampa-St. Petersburg-Clearwater, FL",US164
2033,24803.3,"Texarkana, TX-Texarkana, AR",US165
2034,13421.1,"Toledo-Fremont, OH",US166
2035,32675.8,"Topeka, KS",US167
2036,12950.7,"Traverse City, MI",US168
2037,42976.6,"Tucson, AZ",US169
2038,38307.8,"Tulsa-Bartlesville, OK",US170
2039,24570.3,"Tupelo, MS",US171
2040,29803.0,"Twin Falls, ID",US172
2041,17876.6,"Virginia Beach-Norfolk-Newport News, VA-NC",US173
2042,46622.1,"Washington-Baltimore-Northern Virginia, DC-MD-VA-WV",US174
2043,8780.3,"Waterloo-Cedar Falls, IA",US175
2044,44149.0,"Wausau-Merrill, WI",US176
2045,37855.2,"Wenatchee, WA",US177
2046,26482.0,"Wichita Falls, TX",US178
2047,91619.3,"Wichita-Winfield, KS",US179
2048,34362600.0,OECD,OECD
2049,8511230.0,Brazil,BRA
2050,152522.0,Acre,BR01
2051,142816.0,Amapá,BR02
2052,1570950.0,Amazonas,BR03
2053,1247700.0,Pará,BR04
2054,237565.0,Rondônia,BR05
2055,224118.0,Roraima,BR06
2056,277298.0,Tocantins,BR07
2057,27819.0,Alagoas,BR08
2058,564273.0,Bahia,BR09
2059,145712.0,Ceará,BR10
2060,331918.0,Maranhão,BR11
2061,56341.0,Paraíba,BR12
2062,98527.0,Pernambuco,BR13
2063,251312.0,Piauí,BR14
2064,53077.0,Rio Grande Do Norte,BR15
2065,21962.0,Sergipe,BR16
2066,46047.0,Espírito Santo,BR17
2067,586552.0,Minas Gerais,BR18
2068,43797.0,Rio De Janeiro,BR19
2069,248177.0,São Paulo,BR20
2070,199282.0,Paraná,BR21
2071,281734.0,Rio Grande Do Sul,BR22
2072,95285.0,Santa Catarina,BR23
2073,5802.0,Distrito Federal (BR),BR24
2074,340118.0,Goiás,BR25
2075,903386.0,Mato Grosso,BR26
2076,357140.0,Mato Grosso Do Sul,BR27
2077,9544040.0,China,CHN
2078,16410.5,Beijing,CN01
2079,11917.3,Tianjin,CN02
2080,188434.0,Hebei,CN03
2081,156711.0,Shanxi,CN04
2082,1145120.0,Inner Mongolia,CN05
2083,148064.0,Liaoning,CN06
2084,191124.0,Jilin,CN07
2085,452645.0,Heilongjiang,CN08
2086,8239.0,Shanghai,CN09
2087,106742.0,Jiangsu,CN10
2088,105397.0,Zhejiang,CN11
2089,140126.0,Anhui,CN12
2090,124016.0,Fujian,CN13
2091,166894.0,Jiangxi,CN14
2092,157126.0,Shandong,CN15
2093,165536.0,Henan,CN16
2094,185888.0,Hubei,CN17
2095,211855.0,Hunan,CN18
2096,179813.0,Guangdong,CN19
2097,237558.0,Guangxi,CN20
2098,35353.7,Hainan,CN21
2099,82268.6,Chongqing,CN22
2100,484056.0,Sichuan,CN23
2101,176153.0,Guizhou,CN24
2102,383194.0,Yunnan,CN25
2103,1202070.0,Tibet,CN26
2104,205795.0,Shaanxi,CN27
2105,404091.0,Gansu,CN28
2106,717481.0,Qinghai,CN29
2107,51954.4,Ningxia,CN30
2108,1664900.0,Xinjiang,CN31
2109,1141770.0,Colombia,COL
2110,63612.0,Antioquia,CO05
2111,3388.0,Atlántico,CO08
2112,1587.0,Bogotá Capital District,CO11
2113,25978.0,Bolívar,CO13
2114,23189.0,Boyacá,CO15
2115,7888.0,Caldas,CO17
2116,88965.0,Caquetá,CO18
2117,29308.0,Cauca,CO19
2118,22905.0,Cesar,CO20
2119,25020.0,Córdoba (CO),CO23
2120,22633.0,Cundinamarca,CO25
2121,46530.0,Chocó,CO27
2122,19890.0,Huila,CO41
2123,20848.0,La Guajira,CO44
2124,23188.0,Magdalena,CO47
2125,85635.0,Meta,CO50
2126,33268.0,Nariño,CO52
2127,21658.0,Norte de Santander,CO54
2128,1845.0,Quindio,CO63
2129,4140.0,Risaralda,CO66
2130,30537.0,Santander,CO68
2131,10917.0,Sucre,CO70
2132,23562.0,Tolima,CO73
2133,22140.0,Valle del Cauca,CO76
2134,23818.0,Arauca,CO81
2135,44640.0,Casanare,CO85
2136,24885.0,Putumayo,CO86
2137,52.0,San Andrés,CO88
2138,109665.0,Amazonas,CO91
2139,72238.0,Guainía,CO94
2140,53460.0,Guaviare,CO95
2141,54135.0,Vaupés,CO97
2142,100242.0,Vichada,CO99
2143,3166390.0,India,IND
2144,101387.0,Jammu and Kashmir,IN01
2145,55673.0,Himachal Pradesh,IN02
2146,1483.0,National Capital Territory of Delhi,IN03
2147,342239.0,Rajasthan,IN04
2148,240928.0,Uttar Pradesh,IN05
2149,7096.0,Sikkim,IN06
2150,83743.0,Arunachal Pradesh,IN07
2151,16579.0,Nagaland,IN08
2152,22429.0,Meghalaya,IN09
2153,78438.0,Assam,IN10
2154,88752.0,West Bengal,IN11
2155,196024.0,Gujarat,IN12
2156,491.0,Dadra & Nagar Haveli,IN13
2157,307713.0,Maharashtra,IN14
2158,112.0,Daman & Diu,IN15
2159,32.0,Lakshadweep,IN16
2160,38863.0,Kerala,IN17
2161,50362.0,Punjab,IN18
2162,114.0,Chandigarh,IN19
2163,44212.0,Haryana,IN20
2164,53483.0,Uttaranchal,IN21
2165,94163.0,Bihar,IN22
2166,79714.0,Jharkhand,IN23
2167,22327.0,Manipur,IN24
2168,21081.0,Mizoram,IN25
2169,10486.0,Tripura,IN26
2170,155707.0,Orissa,IN27
2171,308245.0,Madhya Pradesh,IN28
2172,135191.0,Chhattisgarh,IN29
2173,275045.0,Andhra Pradesh,IN30
2174,191791.0,Karnataka,IN31
2175,3702.0,Goa,IN32
2176,130058.0,Tamil Nadu,IN33
2177,479.0,Puducherry,IN34
2178,8249.0,Andaman and Nicobar Islands,IN35
2179,62210.0,Latvia,LVA
2180,62210.0,Latvia,LV00
2181,13172.0,Kurzeme,  LV003
2182,13834.0,Latgale,  LV005
2183,247.0,Riga,  LV006
2184,9766.0,Pieriga,  LV007
2185,14764.0,Vidzeme,  LV008
2186,10427.0,Zemgale,  LV009
2187,62675.0,Lithuania,LTU
2188,62675.0,Lithuania,LT00
2189,5182.0,Alytus county,  LT001
2190,7825.0,Kaunas county,  LT002
2191,4676.0,Klaipeda county,  LT003
2192,4367.0,Marijampole county,  LT004
2193,7680.0,Panevežys county,  LT005
2194,8333.0,Šiauliai county,  LT006
2195,4298.0,Taurage county,  LT007
2196,4219.0,Telšiai county,  LT008
2197,6664.0,Utena county,  LT009
2198,9431.0,Vilnius county,  LT00A
2199,18579200.0,Russia,RUS
2200,27100.0,Belgorod Oblast,RU01
2201,34900.0,Bryansk Oblast,RU02
2202,29100.0,Vladimir Oblast,RU03
2203,52200.0,Voronezh Oblast,RU04
2204,21400.0,Ivanovo Oblast,RU05
2205,29800.0,Kaluga Oblast,RU06
2206,60200.0,Kostroma Oblast,RU07
2207,30000.0,Kursk Oblast,RU08
2208,24000.0,Lipetsk Oblast,RU09
2209,45800.0,Moscow Oblast,RU10
2210,24700.0,Oryol Oblast,RU11
2211,39600.0,Ryazan Oblast,RU12
2212,49800.0,Smolensk Oblast,RU13
2213,34500.0,Tambov Oblast,RU14
2214,84200.0,Tver Oblast,RU15
2215,25700.0,Tula Oblast,RU16
2216,36200.0,Yaroslavl Oblast,RU17
2217,1100.0,City of Moscow,RU18
2218,180500.0,Republic of Karelia,RU19
2219,416800.0,Komi republic,RU20
2220,589900.0,Arkhangelsk Oblast,RU21
2221,176800.0,Nenets Autonomous Okrug,RU22
2222,144500.0,Vologda Oblast,RU23
2223,15100.0,Kaliningrad Oblast,RU24
2224,83900.0,Leningrad Oblast,RU25
2225,144900.0,Murmansk Oblast,RU26
2226,54500.0,Novgorod Oblast,RU27
2227,55400.0,Pskov Oblast,RU28
2228,1400.0,Federal City of Saint Petersburg,RU29
2229,7800.0,Republic of Adygea,RU30
2230,74700.0,Republic of Kalmykia,RU31
2231,75500.0,Krasnodar Krai,RU32
2232,49000.0,Astrakhan Oblast,RU33
2233,112900.0,Volgograd Oblast,RU34
2234,101000.0,Rostov Oblast,RU35
2235,50300.0,Republic of Dagestan,RU36
2236,3600.0,Republic of Ingushetia,RU37
2237,12500.0,Kabardino-Balkar Republic,RU38
2238,14300.0,Karachay-Cherkhess Republic,RU39
2239,8000.0,Republic of North Ossetia-Alania,RU40
2240,15600.0,Chechen Republic,RU41
2241,66200.0,Stavropol Krai,RU42
2242,142900.0,Republic of Bashkorstostan,RU43
2243,23400.0,Mari El Republic,RU44
2244,26100.0,Republic of Mordovia,RU45
2245,67800.0,Republic of Tatarstan,RU46
2246,42100.0,Udmurt Republic,RU47
2247,18300.0,Chuvash Republic,RU48
2248,160200.0,Perm Krai,RU49
2249,120400.0,Kirov Oblast,RU50
2250,76600.0,Nizhny Novgorod Oblast,RU51
2251,123700.0,Orenburg Oblast,RU52
2252,43400.0,Penza Oblast,RU53
2253,53600.0,Samara Oblast,RU54
2254,101200.0,Saratov Oblast,RU55
2255,37200.0,Ulianov Oblast,RU56
2256,71500.0,Kurgan Oblast,RU57
2257,194300.0,Sverdlovsk Oblast,RU58
2258,1464200.0,Tyumen Oblast,RU59
2259,534800.0,Khanty-Mansi Autonomous Okrug - Yugra,RU60
2260,769300.0,Yamalo-Nenets Autonomous Okrug,RU61
2261,88500.0,Chelyabinsk Oblast,RU62
2262,92900.0,Republic of Altai,RU63
2263,351300.0,Buryat Republic,RU64
2264,168600.0,Tyva Republic,RU65
2265,61600.0,Republic of Khakassia,RU66
2266,168000.0,Altai Krai,RU67
2267,431900.0,Zabaykalsky Krai,RU68
2268,2366800.0,Krasnoyarsk Krai,RU69
2269,774800.0,Irkutsk Oblast,RU70
2270,95700.0,Kemerovo oblast,RU71
2271,177800.0,Novosibirsk Oblast,RU72
2272,141100.0,Omsk Oblast,RU73
2273,314400.0,Tomsk Oblast,RU74
2274,3083500.0,Sakha Republic (Yakutia),RU75
2275,464300.0,Kamchatka Krai,RU76
2276,164700.0,Primorsky Krai,RU77
2277,787600.0,Khabarovsk Krai,RU78
2278,361900.0,Amur Oblast,RU79
2279,462500.0,Magadan Oblast,RU80
2280,87100.0,Sakhalin Oblast,RU81
2281,36300.0,Jewish Autonomous Oblast,RU82
2282,721500.0,Chukotka Autonomous Okrug,RU83
2283,1221220.0,South Africa,ZAF
2284,169056.0,Eastern Cape,ZA01
2285,130006.0,Free State,ZA02
2286,16538.6,Gauteng,ZA03
2287,93452.7,KwaZulu-Natal,ZA04
2288,125990.0,Limpopo,ZA05
2289,76727.5,Mpumalanga,ZA06
2290,373186.0,Northern Cape,ZA07
2291,106756.0,North West,ZA08
2292,129505.0,Western Cape,ZA09
